budget,revenue,popularity,runtime,vote_average,title,genres
57755036,107323371,60.37736018,98,6.611888118,Movie 1,"[{'id': 10749, 'name': 'Romance'}]"
192100010,342896533,86.28985702,96,7.184686969,Movie 2,"[{'id': 18, 'name': 'Drama'}]"
128521863,253206827,86.99532434,148,3.542977867,Movie 3,"[{'id': 35, 'name': 'Comedy'}]"
156299516,89635602,72.71009623,118,5.985175896,Movie 4,"[{'id': 18, 'name': 'Drama'}]"
148532820,221133868,74.82958453,161,4.57848018,Movie 5,"[{'id': 35, 'name': 'Comedy'}]"
134224038,270524761,56.23481707,150,7.346318136,Movie 6,"[{'id': 10749, 'name': 'Romance'}]"
36788921,73368473,58.88214093,160,4.137333051,Movie 7,"[{'id': 12, 'name': 'Adventure'}]"
134120466,332939335,14.23140756,118,8.353427493,Movie 8,"[{'id': 28, 'name': 'Action'}]"
161953558,346179511,44.94205965,115,5.585648019,Movie 9,"[{'id': 27, 'name': 'Horror'}]"
94410762,281375537,45.6268521,119,4.188018182,Movie 10,"[{'id': 27, 'name': 'Horror'}]"
92090292,111395762,95.89128573,124,5.628130778,Movie 11,"[{'id': 28, 'name': 'Action'}]"
166850211,233236168,43.6775994,83,5.452462577,Movie 12,"[{'id': 27, 'name': 'Horror'}]"
77737383,113466874,55.38492185,104,5.573513757,Movie 13,"[{'id': 27, 'name': 'Horror'}]"
89358551,148740169,53.79188853,148,6.513367761,Movie 14,[]
112190146,290571935,64.03940999,109,6.127042349,Movie 15,"[{'id': 12, 'name': 'Adventure'}]"
89409749,97410154,75.0750503,155,3.89866279,Movie 16,"[{'id': 18, 'name': 'Drama'}]"
140199233,342086201,23.27914574,147,3.393474436,Movie 17,"[{'id': 16, 'name': 'Animation'}]"
149171095,225736957,53.34371749,167,7.376492692,Movie 18,"[{'id': 28, 'name': 'Action'}]"
86652971,173707878,82.76585302,108,6.358304616,Movie 19,"[{'id': 10749, 'name': 'Romance'}]"
5521373,11491917,46.84835667,152,5.154004608,Movie 20,"[{'id': 35, 'name': 'Comedy'}]"
107683173,154215397,28.56729709,147,7.850146935,Movie 21,"[{'id': 27, 'name': 'Horror'}]"
4344769,7740371,65.81619846,130,5.328350846,Movie 22,[]
107328085,164488655,82.55297218,103,7.775790538,Movie 23,"[{'id': 53, 'name': 'Thriller'}]"
31349564,21092988,7.250889,93,4.834536765,Movie 24,"[{'id': 27, 'name': 'Horror'}]"
100052376,159374777,77.90225786,148,3.437071785,Movie 25,"[{'id': 35, 'name': 'Comedy'}]"
178077808,132397908,82.34314536,97,8.595838163,Movie 26,"[{'id': 878, 'name': 'Science Fiction'}]"
107406362,162457707,46.69076983,121,5.367306776,Movie 27,"[{'id': 18, 'name': 'Drama'}]"
107777086,213646086,98.34726003,136,7.756155437,Movie 28,"[{'id': 12, 'name': 'Adventure'}]"
63250665,123246276,78.88412573,162,4.674864799,Movie 29,"[{'id': 16, 'name': 'Animation'}]"
182009883,392513995,77.59259392,91,6.878190673,Movie 30,"[{'id': 878, 'name': 'Science Fiction'}]"
156716283,115680715,75.03601887,161,8.23986524,Movie 31,"[{'id': 53, 'name': 'Thriller'}]"
195438926,416345129,15.91020222,96,3.249864134,Movie 32,"[{'id': 12, 'name': 'Adventure'}]"
80757501,103399493,22.50585776,109,7.983814588,Movie 33,"[{'id': 16, 'name': 'Animation'}]"
121716221,182284021,46.93502301,167,6.42799803,Movie 34,"[{'id': 878, 'name': 'Science Fiction'}]"
152079598,402245310,27.13643065,154,6.644830523,Movie 35,[]
53286002,27845986,42.10885626,178,6.138948005,Movie 36,"[{'id': 16, 'name': 'Animation'}]"
33049003,65140628,88.95794688,102,8.24685062,Movie 37,"[{'id': 878, 'name': 'Science Fiction'}]"
62136438,124073104,82.6083623,160,3.260600143,Movie 38,"[{'id': 16, 'name': 'Animation'}]"
197412659,294470482,63.37394797,80,4.566170349,Movie 39,"[{'id': 16, 'name': 'Animation'}]"
129482111,141468223,85.95391903,158,8.254575233,Movie 40,"[{'id': 878, 'name': 'Science Fiction'}]"
126683192,137664736,78.59346651,111,7.514074215,Movie 41,"[{'id': 10749, 'name': 'Romance'}]"
194466162,526862150,43.46950825,88,3.105870961,Movie 42,"[{'id': 16, 'name': 'Animation'}]"
196524628,315434003,20.90545005,94,6.102037699,Movie 43,"[{'id': 28, 'name': 'Action'}]"
56831368,75427921,51.90590296,107,6.177436084,Movie 44,"[{'id': 28, 'name': 'Action'}]"
11959014,19396850,73.88665937,103,5.405292811,Movie 45,"[{'id': 27, 'name': 'Horror'}]"
57972561,126001970,44.20554027,139,4.784359992,Movie 46,"[{'id': 12, 'name': 'Adventure'}]"
49900483,43133549,67.01041907,114,7.090349102,Movie 47,"[{'id': 10749, 'name': 'Romance'}]"
21193880,34410056,10.3384152,165,4.246742788,Movie 48,"[{'id': 18, 'name': 'Drama'}]"
121826171,239962340,75.0524689,106,7.793691372,Movie 49,"[{'id': 10749, 'name': 'Romance'}]"
4385357,12592370,81.45864837,162,7.818222965,Movie 50,"[{'id': 16, 'name': 'Animation'}]"
45738553,51744914,70.97694772,155,5.491568625,Movie 51,"[{'id': 27, 'name': 'Horror'}]"
69574553,97274052,96.75909517,99,4.701288065,Movie 52,"[{'id': 10749, 'name': 'Romance'}]"
152063092,220247646,82.83855369,144,4.70326909,Movie 53,"[{'id': 12, 'name': 'Adventure'}]"
187375041,377344363,90.40627906,164,5.893747944,Movie 54,"[{'id': 27, 'name': 'Horror'}]"
12392366,17248068,93.42353726,128,7.317475348,Movie 55,[]
89883975,164827418,80.3334512,80,5.153212146,Movie 56,"[{'id': 53, 'name': 'Thriller'}]"
148697582,364974620,67.75162536,89,6.660260073,Movie 57,"[{'id': 28, 'name': 'Action'}]"
148405005,335909384,1.566139555,126,5.294906763,Movie 58,"[{'id': 27, 'name': 'Horror'}]"
69979792,113081858,47.11674957,138,4.827139135,Movie 59,"[{'id': 35, 'name': 'Comedy'}]"
38709731,102988804,57.54506756,175,3.149157095,Movie 60,"[{'id': 53, 'name': 'Thriller'}]"
162156967,307344308,31.09899697,141,3.023484634,Movie 61,"[{'id': 28, 'name': 'Action'}]"
24027075,44444432,32.49234024,165,4.363246067,Movie 62,"[{'id': 53, 'name': 'Thriller'}]"
87191493,51047952,96.15478216,97,5.438437721,Movie 63,"[{'id': 12, 'name': 'Adventure'}]"
88796277,263434796,89.27937566,125,8.107567004,Movie 64,"[{'id': 18, 'name': 'Drama'}]"
23335235,18841499,85.06872154,111,7.790905458,Movie 65,[]
135489564,146034348,41.19516837,106,4.602991576,Movie 66,[]
138802430,87340331,2.35615649,171,4.467242658,Movie 67,"[{'id': 35, 'name': 'Comedy'}]"
128924625,270742668,8.942002399,97,4.363932426,Movie 68,[]
108944665,115672318,31.90744045,118,5.035424043,Movie 69,"[{'id': 16, 'name': 'Animation'}]"
53631083,50950928,2.558548387,128,5.989192317,Movie 70,"[{'id': 16, 'name': 'Animation'}]"
9585377,6914785,2.69782841,172,5.632006632,Movie 71,"[{'id': 18, 'name': 'Drama'}]"
87544585,66382641,91.74372686,161,4.309639193,Movie 72,"[{'id': 10749, 'name': 'Romance'}]"
86157821,169013794,70.90969171,123,3.78270846,Movie 73,"[{'id': 16, 'name': 'Animation'}]"
153041741,339832195,31.58664302,151,3.075466875,Movie 74,"[{'id': 16, 'name': 'Animation'}]"
171819422,256603281,14.13181318,133,3.923779432,Movie 75,"[{'id': 27, 'name': 'Horror'}]"
61304654,104202138,51.65193607,174,7.232138221,Movie 76,"[{'id': 10749, 'name': 'Romance'}]"
112636935,249481725,1.529269925,113,4.461831416,Movie 77,"[{'id': 878, 'name': 'Science Fiction'}]"
35119117,19085465,93.90296064,150,5.811610861,Movie 78,"[{'id': 53, 'name': 'Thriller'}]"
37433622,48956688,42.06669682,115,6.547806894,Movie 79,"[{'id': 878, 'name': 'Science Fiction'}]"
90482491,265362016,40.83116057,97,8.321045417,Movie 80,"[{'id': 10749, 'name': 'Romance'}]"
195249720,380791736,39.66876715,117,8.33313059,Movie 81,"[{'id': 10749, 'name': 'Romance'}]"
102670589,116588762,7.863504708,138,7.474402402,Movie 82,"[{'id': 18, 'name': 'Drama'}]"
56105831,101233160,64.19390174,88,3.210941952,Movie 83,"[{'id': 18, 'name': 'Drama'}]"
138584340,188008188,73.56735834,152,6.450422515,Movie 84,"[{'id': 878, 'name': 'Science Fiction'}]"
59743503,109367201,67.93641436,151,7.719500825,Movie 85,"[{'id': 18, 'name': 'Drama'}]"
92693393,75485214,14.70511384,130,3.103728269,Movie 86,"[{'id': 16, 'name': 'Animation'}]"
171476398,142631775,58.30517664,114,6.298107682,Movie 87,"[{'id': 10749, 'name': 'Romance'}]"
70739572,60755099,57.37896393,161,8.146584875,Movie 88,"[{'id': 10749, 'name': 'Romance'}]"
105157975,299652852,86.97266801,84,5.844612455,Movie 89,"[{'id': 27, 'name': 'Horror'}]"
191066585,445614526,38.53363818,93,3.024637217,Movie 90,"[{'id': 18, 'name': 'Drama'}]"
120208152,108903144,37.77710842,171,3.06608015,Movie 91,"[{'id': 16, 'name': 'Animation'}]"
133862715,129963656,62.23417881,109,5.499816224,Movie 92,"[{'id': 16, 'name': 'Animation'}]"
192273147,447433781,63.6741927,83,3.930052005,Movie 93,"[{'id': 35, 'name': 'Comedy'}]"
184378299,164172209,47.45923751,118,6.986703943,Movie 94,"[{'id': 12, 'name': 'Adventure'}]"
112665644,122400319,44.86287687,163,7.252795589,Movie 95,"[{'id': 10749, 'name': 'Romance'}]"
69394024,201823295,49.92061939,143,4.067278773,Movie 96,"[{'id': 35, 'name': 'Comedy'}]"
199743196,227360951,86.24348465,104,8.331199731,Movie 97,"[{'id': 35, 'name': 'Comedy'}]"
173945196,374692020,46.65552322,107,5.65144707,Movie 98,[]
52757120,155452980,94.05324741,155,3.857075446,Movie 99,"[{'id': 878, 'name': 'Science Fiction'}]"
68157848,97857079,50.8963726,145,7.585509588,Movie 100,"[{'id': 16, 'name': 'Animation'}]"
96540567,52497792,94.97086862,157,7.739847,Movie 101,"[{'id': 10749, 'name': 'Romance'}]"
86390464,95925226,83.45035829,101,6.835772836,Movie 102,"[{'id': 28, 'name': 'Action'}]"
49170987,126723122,36.88070094,110,8.120793319,Movie 103,"[{'id': 53, 'name': 'Thriller'}]"
187780295,499781403,86.50050071,102,7.424237832,Movie 104,"[{'id': 10749, 'name': 'Romance'}]"
24717335,59848043,11.89626514,127,8.293234423,Movie 105,"[{'id': 878, 'name': 'Science Fiction'}]"
61472382,48119016,92.57967036,99,5.603328291,Movie 106,"[{'id': 35, 'name': 'Comedy'}]"
13719242,34144119,63.53270799,117,7.485582769,Movie 107,"[{'id': 12, 'name': 'Adventure'}]"
49715250,139038365,6.384684104,134,8.998509381,Movie 108,"[{'id': 27, 'name': 'Horror'}]"
84139152,168406519,64.78141564,147,7.349587185,Movie 109,"[{'id': 878, 'name': 'Science Fiction'}]"
103400391,294917394,97.45051776,158,3.685102681,Movie 110,[]
179271906,460208409,7.910264807,167,6.109912335,Movie 111,"[{'id': 27, 'name': 'Horror'}]"
173552610,376162923,55.91408327,168,6.524086747,Movie 112,"[{'id': 35, 'name': 'Comedy'}]"
92355424,179443180,75.03164063,80,4.04526405,Movie 113,"[{'id': 10749, 'name': 'Romance'}]"
187659194,257362230,81.21560008,86,8.777349805,Movie 114,"[{'id': 10749, 'name': 'Romance'}]"
50583876,45435378,41.96891907,136,4.053478666,Movie 115,"[{'id': 16, 'name': 'Animation'}]"
198421286,399299981,21.21248936,174,4.065347518,Movie 116,"[{'id': 878, 'name': 'Science Fiction'}]"
112999993,146366504,5.191885598,91,8.491002828,Movie 117,"[{'id': 16, 'name': 'Animation'}]"
172625499,460236267,58.39288955,84,5.791232599,Movie 118,"[{'id': 878, 'name': 'Science Fiction'}]"
162226952,483978535,45.83819596,129,3.379129676,Movie 119,"[{'id': 10749, 'name': 'Romance'}]"
52327755,124596016,94.92569512,121,6.589125,Movie 120,"[{'id': 878, 'name': 'Science Fiction'}]"
80018913,58110073,6.999885864,91,6.610958092,Movie 121,"[{'id': 10749, 'name': 'Romance'}]"
142347872,173908386,68.854139,97,3.387004552,Movie 122,[]
5545583,4285482,3.47165599,145,8.835134974,Movie 123,"[{'id': 18, 'name': 'Drama'}]"
189296765,402497758,17.97198349,153,6.264179792,Movie 124,"[{'id': 28, 'name': 'Action'}]"
55474455,133858592,45.90432099,158,6.358774333,Movie 125,"[{'id': 18, 'name': 'Drama'}]"
176760164,497436169,46.03237184,173,6.120692487,Movie 126,[]
181844642,290120554,68.88435375,96,6.664390678,Movie 127,"[{'id': 12, 'name': 'Adventure'}]"
124685547,343314063,91.11109045,147,4.585798517,Movie 128,"[{'id': 18, 'name': 'Drama'}]"
54933927,148031985,64.26418373,150,4.723448088,Movie 129,"[{'id': 10749, 'name': 'Romance'}]"
107179285,138581667,95.39997469,141,6.068034539,Movie 130,"[{'id': 27, 'name': 'Horror'}]"
53453338,142840766,88.27994835,120,7.840115129,Movie 131,"[{'id': 28, 'name': 'Action'}]"
150099456,216020229,58.86547976,174,3.299187459,Movie 132,"[{'id': 35, 'name': 'Comedy'}]"
35045666,43532786,83.54540314,113,6.620425273,Movie 133,"[{'id': 16, 'name': 'Animation'}]"
147939822,314029884,64.61518342,149,7.840668855,Movie 134,"[{'id': 878, 'name': 'Science Fiction'}]"
111573005,147382703,8.777225261,124,3.941503632,Movie 135,"[{'id': 28, 'name': 'Action'}]"
157396162,326679176,74.3159076,137,3.090135252,Movie 136,"[{'id': 35, 'name': 'Comedy'}]"
47321408,95805953,10.39593569,130,4.876279771,Movie 137,"[{'id': 35, 'name': 'Comedy'}]"
148014660,282500383,59.81419528,113,6.52886224,Movie 138,"[{'id': 28, 'name': 'Action'}]"
91053374,132122931,70.56138038,123,3.82969904,Movie 139,"[{'id': 18, 'name': 'Drama'}]"
27063245,50642078,7.586233213,94,5.556734226,Movie 140,[]
174660954,347787282,23.84867074,157,6.313928984,Movie 141,"[{'id': 53, 'name': 'Thriller'}]"
98636744,183880316,91.65155099,149,6.593298569,Movie 142,"[{'id': 35, 'name': 'Comedy'}]"
100483854,161884375,62.01513473,129,4.646470326,Movie 143,"[{'id': 12, 'name': 'Adventure'}]"
110174313,59126988,25.38231586,111,5.400177816,Movie 144,"[{'id': 12, 'name': 'Adventure'}]"
8887739,17487997,69.37729734,146,7.670035374,Movie 145,"[{'id': 16, 'name': 'Animation'}]"
195954700,180496022,60.08086558,82,8.647288165,Movie 146,"[{'id': 27, 'name': 'Horror'}]"
62071026,130748887,50.65599429,165,8.171281987,Movie 147,"[{'id': 10749, 'name': 'Romance'}]"
135987326,326146674,97.64251052,165,6.38570101,Movie 148,"[{'id': 35, 'name': 'Comedy'}]"
90178975,157913600,68.66192396,153,5.461756818,Movie 149,"[{'id': 53, 'name': 'Thriller'}]"
50007334,92809069,38.16866986,130,4.997739686,Movie 150,[]
163651376,471102626,80.20726978,146,3.749739397,Movie 151,"[{'id': 27, 'name': 'Horror'}]"
8971379,23486338,88.573746,155,3.639307483,Movie 152,"[{'id': 12, 'name': 'Adventure'}]"
4331068,12064585,13.39683539,172,7.130145749,Movie 153,"[{'id': 12, 'name': 'Adventure'}]"
37810847,95828405,20.85474481,127,4.558766497,Movie 154,"[{'id': 28, 'name': 'Action'}]"
35428803,27361517,22.4064739,96,4.527970119,Movie 155,"[{'id': 35, 'name': 'Comedy'}]"
140871965,122907921,69.42996913,86,8.989170327,Movie 156,"[{'id': 53, 'name': 'Thriller'}]"
62553124,113631471,60.70091595,92,4.127555747,Movie 157,"[{'id': 878, 'name': 'Science Fiction'}]"
181033766,201884175,62.28016491,145,3.888358557,Movie 158,"[{'id': 16, 'name': 'Animation'}]"
152968492,258782715,94.13655667,83,3.592111367,Movie 159,"[{'id': 16, 'name': 'Animation'}]"
172116174,255749713,77.81524175,89,6.478832071,Movie 160,"[{'id': 18, 'name': 'Drama'}]"
24841962,46542300,13.66575553,167,6.767182956,Movie 161,"[{'id': 12, 'name': 'Adventure'}]"
67834972,160578219,35.40320116,96,5.191367558,Movie 162,"[{'id': 18, 'name': 'Drama'}]"
178374243,408249993,44.10397097,131,6.212480013,Movie 163,"[{'id': 10749, 'name': 'Romance'}]"
23993420,43262183,40.20019729,85,7.730397186,Movie 164,"[{'id': 878, 'name': 'Science Fiction'}]"
63190751,161514519,67.26155231,162,7.90862501,Movie 165,"[{'id': 878, 'name': 'Science Fiction'}]"
157188486,247910642,89.29741722,148,8.747472454,Movie 166,"[{'id': 16, 'name': 'Animation'}]"
171731194,470850136,31.29909489,175,7.945607916,Movie 167,"[{'id': 53, 'name': 'Thriller'}]"
32288562,21898124,55.63583651,153,6.38904862,Movie 168,[]
156569237,451960599,79.15153277,88,4.077941795,Movie 169,"[{'id': 35, 'name': 'Comedy'}]"
24484187,52316163,42.20558783,170,3.598581346,Movie 170,"[{'id': 27, 'name': 'Horror'}]"
196995197,285679730,17.64369471,156,3.327071339,Movie 171,"[{'id': 12, 'name': 'Adventure'}]"
37093880,36829968,48.02014556,162,6.999154991,Movie 172,"[{'id': 16, 'name': 'Animation'}]"
185658932,315241082,6.467029554,100,7.845217532,Movie 173,"[{'id': 18, 'name': 'Drama'}]"
82752859,81627073,94.29596195,103,6.052103704,Movie 174,"[{'id': 53, 'name': 'Thriller'}]"
133888171,122618672,8.407299314,83,3.328285049,Movie 175,"[{'id': 18, 'name': 'Drama'}]"
179283859,366344943,44.40721481,103,6.212823448,Movie 176,"[{'id': 53, 'name': 'Thriller'}]"
76415325,138136885,53.45824485,138,8.614495569,Movie 177,[]
36563453,79534288,98.5450794,178,6.585679146,Movie 178,"[{'id': 12, 'name': 'Adventure'}]"
169973642,480008062,17.43616054,82,7.856564931,Movie 179,[]
51873983,94963134,12.32872034,147,7.80091589,Movie 180,"[{'id': 53, 'name': 'Thriller'}]"
91586459,178807003,1.861908559,119,8.592774599,Movie 181,"[{'id': 53, 'name': 'Thriller'}]"
189110296,136928306,16.40157225,127,7.621372594,Movie 182,"[{'id': 16, 'name': 'Animation'}]"
24637222,56519991,21.52002493,133,7.486203084,Movie 183,"[{'id': 10749, 'name': 'Romance'}]"
137702141,206520578,63.42751322,114,4.40461599,Movie 184,"[{'id': 18, 'name': 'Drama'}]"
96057280,282582564,22.75097225,174,3.359550932,Movie 185,"[{'id': 27, 'name': 'Horror'}]"
174667704,446788640,3.031560658,135,6.10559679,Movie 186,"[{'id': 53, 'name': 'Thriller'}]"
98453338,177826675,82.8352162,168,3.746605248,Movie 187,"[{'id': 12, 'name': 'Adventure'}]"
3235000,2614063,37.1939744,119,8.773175258,Movie 188,"[{'id': 53, 'name': 'Thriller'}]"
24685747,65381175,36.01597197,156,4.739548576,Movie 189,"[{'id': 28, 'name': 'Action'}]"
173094412,432641302,30.94542389,147,8.11766522,Movie 190,"[{'id': 16, 'name': 'Animation'}]"
30859174,29669948,97.56195444,125,5.325747751,Movie 191,"[{'id': 878, 'name': 'Science Fiction'}]"
171320581,212128410,17.84142631,157,4.939165499,Movie 192,"[{'id': 28, 'name': 'Action'}]"
47159303,117120984,89.92556833,92,8.610951434,Movie 193,"[{'id': 28, 'name': 'Action'}]"
147412954,141969158,77.90352988,106,5.179935433,Movie 194,"[{'id': 27, 'name': 'Horror'}]"
183153864,511801718,8.571515594,85,5.341727452,Movie 195,"[{'id': 10749, 'name': 'Romance'}]"
149639396,233634766,98.68618105,96,3.636550678,Movie 196,[]
22200096,15930731,27.86523039,115,7.022679992,Movie 197,"[{'id': 878, 'name': 'Science Fiction'}]"
84375337,214260335,10.75970978,178,4.733036487,Movie 198,"[{'id': 28, 'name': 'Action'}]"
108868843,156093339,83.10210918,160,6.513625007,Movie 199,"[{'id': 878, 'name': 'Science Fiction'}]"
24234510,44015879,70.96087783,81,6.548110224,Movie 200,"[{'id': 27, 'name': 'Horror'}]"
186933626,145950458,62.10466178,156,7.315198174,Movie 201,"[{'id': 878, 'name': 'Science Fiction'}]"
46968757,23787798,16.44210551,131,7.471448917,Movie 202,"[{'id': 878, 'name': 'Science Fiction'}]"
135278815,283404114,48.37111551,145,6.086714606,Movie 203,"[{'id': 16, 'name': 'Animation'}]"
81705119,146083680,78.27504666,131,4.985951686,Movie 204,[]
67653416,134213987,31.05876988,171,8.024705369,Movie 205,"[{'id': 878, 'name': 'Science Fiction'}]"
124850419,310173340,31.85729302,122,4.859193896,Movie 206,"[{'id': 878, 'name': 'Science Fiction'}]"
11274621,23862902,1.310949699,169,6.045054567,Movie 207,[]
148240432,138891442,18.25009676,101,5.407515499,Movie 208,"[{'id': 878, 'name': 'Science Fiction'}]"
17816569,24977605,87.66515689,134,8.130470316,Movie 209,"[{'id': 16, 'name': 'Animation'}]"
108147827,298999299,44.73290267,146,5.591511187,Movie 210,"[{'id': 18, 'name': 'Drama'}]"
8654909,20986957,98.43921542,178,5.316595133,Movie 211,"[{'id': 53, 'name': 'Thriller'}]"
38814054,73420379,40.17508839,139,7.138942157,Movie 212,"[{'id': 16, 'name': 'Animation'}]"
107388866,122327999,71.80345902,137,6.614646659,Movie 213,"[{'id': 12, 'name': 'Adventure'}]"
100157604,125712942,28.90998525,91,3.643481001,Movie 214,"[{'id': 16, 'name': 'Animation'}]"
150638768,350972537,37.01715447,167,6.049012838,Movie 215,"[{'id': 35, 'name': 'Comedy'}]"
159428240,418967155,19.88187277,148,7.41287033,Movie 216,"[{'id': 35, 'name': 'Comedy'}]"
73073914,159196028,35.35917448,163,8.952448588,Movie 217,"[{'id': 18, 'name': 'Drama'}]"
168997441,426519956,55.17651452,118,6.774881004,Movie 218,"[{'id': 35, 'name': 'Comedy'}]"
12506305,30223241,99.18551522,92,5.221758399,Movie 219,"[{'id': 53, 'name': 'Thriller'}]"
155777819,136190303,66.75596959,120,4.356909599,Movie 220,"[{'id': 53, 'name': 'Thriller'}]"
142951830,222985132,20.72534949,136,8.236981405,Movie 221,"[{'id': 12, 'name': 'Adventure'}]"
124035620,109456411,5.451182718,132,7.887391273,Movie 222,"[{'id': 53, 'name': 'Thriller'}]"
140892447,153303516,13.50929165,91,4.403536925,Movie 223,"[{'id': 18, 'name': 'Drama'}]"
143875872,384601652,56.69296493,92,4.203792541,Movie 224,"[{'id': 53, 'name': 'Thriller'}]"
41163712,69246827,76.75087255,153,7.290820661,Movie 225,"[{'id': 10749, 'name': 'Romance'}]"
86447809,158925241,94.10150152,176,4.889712372,Movie 226,"[{'id': 53, 'name': 'Thriller'}]"
133863028,126649807,2.566494028,136,4.83839279,Movie 227,"[{'id': 16, 'name': 'Animation'}]"
45165849,57842975,52.75325401,119,3.913741482,Movie 228,"[{'id': 53, 'name': 'Thriller'}]"
130693942,140576419,47.61586827,159,4.583853118,Movie 229,"[{'id': 53, 'name': 'Thriller'}]"
79826934,81061490,65.94944718,124,5.565045346,Movie 230,"[{'id': 878, 'name': 'Science Fiction'}]"
50905866,106642799,56.39830659,114,7.397030024,Movie 231,"[{'id': 28, 'name': 'Action'}]"
175875390,200886562,69.01687591,82,5.017848566,Movie 232,"[{'id': 27, 'name': 'Horror'}]"
141877636,295110975,66.15017589,84,4.971626037,Movie 233,"[{'id': 10749, 'name': 'Romance'}]"
32378291,20920796,12.58416076,169,4.709479515,Movie 234,"[{'id': 28, 'name': 'Action'}]"
198238369,169381995,80.17207345,90,5.869702005,Movie 235,"[{'id': 53, 'name': 'Thriller'}]"
37634821,44648093,13.200025,150,4.083820188,Movie 236,"[{'id': 12, 'name': 'Adventure'}]"
103325205,205887590,70.1545319,135,5.913784404,Movie 237,"[{'id': 10749, 'name': 'Romance'}]"
154651082,338624490,42.1983914,89,7.225053337,Movie 238,"[{'id': 53, 'name': 'Thriller'}]"
17887294,28741168,51.87122272,113,3.178743024,Movie 239,"[{'id': 12, 'name': 'Adventure'}]"
120356143,194312259,90.42650342,146,3.058676282,Movie 240,"[{'id': 10749, 'name': 'Romance'}]"
98935968,228669924,89.09848892,151,3.450737461,Movie 241,"[{'id': 10749, 'name': 'Romance'}]"
111456008,60136393,81.96777426,110,6.21396037,Movie 242,"[{'id': 53, 'name': 'Thriller'}]"
36562619,49459171,51.50468967,154,8.126730499,Movie 243,"[{'id': 35, 'name': 'Comedy'}]"
36213498,92227364,73.8877412,150,3.029306796,Movie 244,"[{'id': 27, 'name': 'Horror'}]"
36703247,73701901,51.7768085,145,8.619967828,Movie 245,"[{'id': 27, 'name': 'Horror'}]"
176127900,236551716,87.09100217,149,3.637671069,Movie 246,"[{'id': 18, 'name': 'Drama'}]"
197962050,547129885,40.87480749,120,8.051901168,Movie 247,"[{'id': 53, 'name': 'Thriller'}]"
122946771,298952059,97.0532991,142,5.89712859,Movie 248,"[{'id': 18, 'name': 'Drama'}]"
58805563,68346096,93.29995306,111,6.956144324,Movie 249,"[{'id': 53, 'name': 'Thriller'}]"
141621731,299278524,74.41865933,99,6.064097907,Movie 250,"[{'id': 12, 'name': 'Adventure'}]"
72244178,143720893,28.66217253,136,5.862289351,Movie 251,"[{'id': 12, 'name': 'Adventure'}]"
102573977,154165588,14.03370529,177,8.00939657,Movie 252,"[{'id': 18, 'name': 'Drama'}]"
52939266,75035596,85.61564156,129,7.535318277,Movie 253,"[{'id': 878, 'name': 'Science Fiction'}]"
168485586,228955262,17.36492633,159,5.900413419,Movie 254,"[{'id': 878, 'name': 'Science Fiction'}]"
156331731,319368445,85.57181811,104,3.669815576,Movie 255,"[{'id': 10749, 'name': 'Romance'}]"
87641503,140754430,49.58573566,91,3.692417756,Movie 256,"[{'id': 18, 'name': 'Drama'}]"
145639686,375700549,41.2491216,150,7.809236764,Movie 257,"[{'id': 53, 'name': 'Thriller'}]"
13984808,30403064,90.4158871,118,6.176343728,Movie 258,"[{'id': 35, 'name': 'Comedy'}]"
15764960,10638652,60.78124727,96,5.889534841,Movie 259,"[{'id': 18, 'name': 'Drama'}]"
97946087,205727974,58.08478671,124,7.083401048,Movie 260,"[{'id': 10749, 'name': 'Romance'}]"
51402943,60545912,56.31782852,90,8.1530495,Movie 261,"[{'id': 878, 'name': 'Science Fiction'}]"
77241446,153094861,37.74578209,149,6.773238866,Movie 262,"[{'id': 878, 'name': 'Science Fiction'}]"
109276583,240444525,78.77866725,102,7.577087414,Movie 263,[]
54777024,58998852,26.02704596,170,7.591623145,Movie 264,"[{'id': 53, 'name': 'Thriller'}]"
123691547,203119654,93.95060104,149,5.137568693,Movie 265,[]
93649393,91384216,89.5045353,117,4.644499174,Movie 266,"[{'id': 27, 'name': 'Horror'}]"
179017694,112932809,34.41055224,81,7.806984403,Movie 267,"[{'id': 35, 'name': 'Comedy'}]"
11047453,15976727,73.21691321,165,5.263072751,Movie 268,"[{'id': 53, 'name': 'Thriller'}]"
36581225,51482977,57.74909625,163,8.420016039,Movie 269,[]
35109026,104930389,34.4272809,168,3.41814418,Movie 270,"[{'id': 10749, 'name': 'Romance'}]"
177308486,286509392,98.86364315,158,3.349305072,Movie 271,"[{'id': 878, 'name': 'Science Fiction'}]"
151255355,201763129,3.498497239,172,8.562024961,Movie 272,"[{'id': 16, 'name': 'Animation'}]"
21281689,41524565,26.01195703,151,6.890729485,Movie 273,"[{'id': 27, 'name': 'Horror'}]"
192849071,139221309,52.48733205,116,5.277596139,Movie 274,"[{'id': 53, 'name': 'Thriller'}]"
72450611,210408480,52.67334734,128,7.530362489,Movie 275,"[{'id': 53, 'name': 'Thriller'}]"
128348283,267914220,59.30437442,131,7.03396086,Movie 276,"[{'id': 878, 'name': 'Science Fiction'}]"
47510960,113413153,75.41594103,112,6.187206281,Movie 277,"[{'id': 28, 'name': 'Action'}]"
132437871,122663273,62.72430522,101,3.593240056,Movie 278,"[{'id': 27, 'name': 'Horror'}]"
120912701,184234033,60.42786459,84,7.873077524,Movie 279,[]
96415947,150092901,6.297931828,97,8.196139144,Movie 280,"[{'id': 12, 'name': 'Adventure'}]"
110169700,281430273,38.27649849,117,4.033012131,Movie 281,[]
33797855,17003420,23.97351823,116,8.103069912,Movie 282,[]
35795514,44820736,27.27164105,173,8.267083866,Movie 283,"[{'id': 10749, 'name': 'Romance'}]"
6184502,18263396,55.87940996,174,6.296571674,Movie 284,[]
114944584,193936382,20.75102618,143,6.937074217,Movie 285,"[{'id': 28, 'name': 'Action'}]"
125001512,182041664,30.100961,89,5.29342392,Movie 286,[]
158666402,126865292,24.47138614,158,4.690749885,Movie 287,"[{'id': 16, 'name': 'Animation'}]"
56223954,165040445,94.90179138,121,7.331898882,Movie 288,[]
166165871,91402177,94.52190748,127,8.171250894,Movie 289,"[{'id': 53, 'name': 'Thriller'}]"
147720975,346102941,61.3842143,123,6.924465318,Movie 290,"[{'id': 12, 'name': 'Adventure'}]"
95962818,232373916,92.5277244,161,6.069543664,Movie 291,"[{'id': 53, 'name': 'Thriller'}]"
189223891,209876125,78.7954519,166,3.953548601,Movie 292,[]
52910807,115287151,59.4048404,176,3.320752276,Movie 293,"[{'id': 12, 'name': 'Adventure'}]"
127736437,93544312,1.637085938,95,5.674150741,Movie 294,"[{'id': 53, 'name': 'Thriller'}]"
129314487,147757081,77.47911232,133,3.296097382,Movie 295,"[{'id': 35, 'name': 'Comedy'}]"
55847136,137928741,70.54634582,114,6.416007791,Movie 296,"[{'id': 16, 'name': 'Animation'}]"
74150359,197367158,61.91011167,177,5.296375148,Movie 297,"[{'id': 28, 'name': 'Action'}]"
166048947,335620793,76.28200686,107,7.543134718,Movie 298,[]
93942922,166006169,51.77929431,81,4.833890981,Movie 299,"[{'id': 18, 'name': 'Drama'}]"
158319111,142211732,70.70424386,173,6.557896206,Movie 300,"[{'id': 53, 'name': 'Thriller'}]"
152786915,100499043,93.58203659,92,6.226101131,Movie 301,[]
102164453,81131098,38.20469657,120,3.028274553,Movie 302,"[{'id': 16, 'name': 'Animation'}]"
189928103,202917903,71.10406166,159,3.43433639,Movie 303,"[{'id': 18, 'name': 'Drama'}]"
189673875,256853754,48.09309398,138,4.742209275,Movie 304,"[{'id': 16, 'name': 'Animation'}]"
79110973,114890794,67.76556553,148,8.293410486,Movie 305,"[{'id': 10749, 'name': 'Romance'}]"
40501026,55316480,76.52644022,171,3.882089729,Movie 306,"[{'id': 12, 'name': 'Adventure'}]"
168381501,184821989,5.499797543,132,7.265365983,Movie 307,"[{'id': 16, 'name': 'Animation'}]"
12310552,21842743,65.01344395,124,8.840199397,Movie 308,[]
166363810,426426258,23.44737726,99,7.743405316,Movie 309,"[{'id': 878, 'name': 'Science Fiction'}]"
156322520,187471164,67.33322124,103,4.45767217,Movie 310,"[{'id': 28, 'name': 'Action'}]"
22739356,64942862,47.36468841,140,8.450191562,Movie 311,"[{'id': 27, 'name': 'Horror'}]"
146689489,393618016,77.58172144,170,3.558642939,Movie 312,"[{'id': 12, 'name': 'Adventure'}]"
154794431,139997713,13.21668071,173,5.808851651,Movie 313,"[{'id': 28, 'name': 'Action'}]"
19877237,49011102,63.00591281,137,8.325251446,Movie 314,"[{'id': 53, 'name': 'Thriller'}]"
47918818,92793279,28.56860216,106,6.847594256,Movie 315,"[{'id': 53, 'name': 'Thriller'}]"
116797711,223835619,85.44521754,105,5.481867388,Movie 316,"[{'id': 27, 'name': 'Horror'}]"
158922984,234825698,92.90996706,86,4.7568772,Movie 317,"[{'id': 35, 'name': 'Comedy'}]"
106996448,187552201,99.64343107,121,5.250596432,Movie 318,"[{'id': 35, 'name': 'Comedy'}]"
78633091,117395032,79.80473284,126,6.053650686,Movie 319,"[{'id': 27, 'name': 'Horror'}]"
56403796,104309319,75.61967297,132,4.914263579,Movie 320,"[{'id': 53, 'name': 'Thriller'}]"
106797503,221057495,22.33457513,138,8.813807172,Movie 321,"[{'id': 53, 'name': 'Thriller'}]"
158725830,346936493,34.26469884,117,8.598465918,Movie 322,"[{'id': 12, 'name': 'Adventure'}]"
144623362,264834731,47.10257163,148,8.224028809,Movie 323,"[{'id': 16, 'name': 'Animation'}]"
141071312,324965549,77.56472373,166,5.530979013,Movie 324,"[{'id': 53, 'name': 'Thriller'}]"
25947744,22138488,91.58162064,171,7.147810616,Movie 325,"[{'id': 35, 'name': 'Comedy'}]"
183708911,189212136,19.7247709,177,8.416975842,Movie 326,"[{'id': 10749, 'name': 'Romance'}]"
134894603,343554634,92.31438098,132,8.102576926,Movie 327,[]
38856186,50758610,69.86684058,94,5.485962084,Movie 328,"[{'id': 10749, 'name': 'Romance'}]"
49673237,27679644,61.46630234,175,3.674316296,Movie 329,"[{'id': 12, 'name': 'Adventure'}]"
66293686,58635298,20.78428586,105,3.453782183,Movie 330,[]
2983509,3159643,6.496978248,127,6.462384271,Movie 331,"[{'id': 35, 'name': 'Comedy'}]"
118556893,343021514,57.27802495,174,6.855767611,Movie 332,"[{'id': 27, 'name': 'Horror'}]"
153516645,296686816,65.50005265,98,8.099055628,Movie 333,"[{'id': 16, 'name': 'Animation'}]"
178780965,506276737,21.86736349,88,4.755090122,Movie 334,"[{'id': 53, 'name': 'Thriller'}]"
78729132,152569844,56.08916438,143,4.004822943,Movie 335,"[{'id': 28, 'name': 'Action'}]"
74214389,126044686,85.79284687,172,5.274034999,Movie 336,"[{'id': 27, 'name': 'Horror'}]"
134568263,172828607,83.6715286,133,5.121450742,Movie 337,"[{'id': 35, 'name': 'Comedy'}]"
27365210,55166275,92.80816288,130,3.794813724,Movie 338,"[{'id': 10749, 'name': 'Romance'}]"
193463073,164055730,37.22269515,118,7.033695915,Movie 339,"[{'id': 16, 'name': 'Animation'}]"
162398036,445888828,32.48690768,83,6.052151644,Movie 340,"[{'id': 12, 'name': 'Adventure'}]"
12326237,31719487,75.19317459,82,7.326736537,Movie 341,"[{'id': 878, 'name': 'Science Fiction'}]"
87343264,113007214,43.6801281,143,5.116146721,Movie 342,"[{'id': 878, 'name': 'Science Fiction'}]"
62864219,181174290,9.667317739,108,4.954213269,Movie 343,"[{'id': 10749, 'name': 'Romance'}]"
189652398,486079459,28.99731194,90,5.835455118,Movie 344,"[{'id': 27, 'name': 'Horror'}]"
34255876,74190253,42.43964627,176,8.264444072,Movie 345,"[{'id': 18, 'name': 'Drama'}]"
184331835,148277408,29.95912612,137,3.24168784,Movie 346,"[{'id': 16, 'name': 'Animation'}]"
151118204,256233768,33.88835152,154,7.828996904,Movie 347,"[{'id': 878, 'name': 'Science Fiction'}]"
133166290,235074308,30.08381471,106,5.213925676,Movie 348,"[{'id': 16, 'name': 'Animation'}]"
41820227,45223489,5.108417551,176,8.127714155,Movie 349,"[{'id': 53, 'name': 'Thriller'}]"
105436258,73796258,64.07237538,100,7.813218053,Movie 350,"[{'id': 12, 'name': 'Adventure'}]"
80688895,197026876,60.13194961,118,5.092567484,Movie 351,"[{'id': 878, 'name': 'Science Fiction'}]"
88927856,71594716,65.68496635,174,7.163259212,Movie 352,"[{'id': 27, 'name': 'Horror'}]"
188276799,373866299,20.03867971,125,3.957796541,Movie 353,"[{'id': 878, 'name': 'Science Fiction'}]"
13707035,38943371,30.26979962,145,8.377689313,Movie 354,"[{'id': 53, 'name': 'Thriller'}]"
140348125,377573365,62.34197677,170,5.426946387,Movie 355,[]
71560220,85470207,60.36312928,115,5.733753692,Movie 356,"[{'id': 35, 'name': 'Comedy'}]"
127960685,336360219,51.12670063,154,7.234554306,Movie 357,"[{'id': 18, 'name': 'Drama'}]"
172216244,86251279,35.69091175,161,7.92504142,Movie 358,"[{'id': 18, 'name': 'Drama'}]"
37481541,20398186,91.38016947,144,4.41805646,Movie 359,"[{'id': 878, 'name': 'Science Fiction'}]"
67385640,135201396,34.63725399,142,6.968100839,Movie 360,"[{'id': 18, 'name': 'Drama'}]"
67880548,95847031,46.10629649,178,5.351988263,Movie 361,"[{'id': 27, 'name': 'Horror'}]"
79384476,116389716,68.13326926,114,5.212217544,Movie 362,"[{'id': 10749, 'name': 'Romance'}]"
126218996,241217467,54.75912166,110,7.140154944,Movie 363,"[{'id': 18, 'name': 'Drama'}]"
43058334,42173749,35.34171166,107,5.323099645,Movie 364,"[{'id': 28, 'name': 'Action'}]"
113184418,116510724,44.12883426,80,5.076651001,Movie 365,"[{'id': 12, 'name': 'Adventure'}]"
184960251,316560203,79.65360097,104,8.015330449,Movie 366,"[{'id': 35, 'name': 'Comedy'}]"
174986784,417454397,28.53478639,122,3.607656743,Movie 367,"[{'id': 53, 'name': 'Thriller'}]"
56174259,115086697,15.08326874,163,7.055355737,Movie 368,"[{'id': 878, 'name': 'Science Fiction'}]"
191906558,238614238,32.00315698,146,4.492352363,Movie 369,"[{'id': 28, 'name': 'Action'}]"
44369428,69919250,85.10388733,142,3.092989451,Movie 370,"[{'id': 27, 'name': 'Horror'}]"
15650271,14502509,9.809981771,130,4.000585613,Movie 371,"[{'id': 10749, 'name': 'Romance'}]"
166943254,114618987,99.17791126,81,6.639969179,Movie 372,"[{'id': 18, 'name': 'Drama'}]"
80348896,197396354,54.55928699,161,7.254763149,Movie 373,"[{'id': 28, 'name': 'Action'}]"
19992383,23260508,98.49972865,143,3.126346701,Movie 374,"[{'id': 878, 'name': 'Science Fiction'}]"
192094911,181417501,93.96064579,153,3.21855266,Movie 375,"[{'id': 28, 'name': 'Action'}]"
85574185,190748721,45.82855771,148,8.415252689,Movie 376,"[{'id': 12, 'name': 'Adventure'}]"
137206901,280605837,20.65061639,88,3.439834909,Movie 377,"[{'id': 10749, 'name': 'Romance'}]"
37635193,78393130,17.32359288,81,8.365092952,Movie 378,"[{'id': 16, 'name': 'Animation'}]"
33474983,35893099,24.75894702,113,4.368995483,Movie 379,"[{'id': 53, 'name': 'Thriller'}]"
34999533,37855979,71.30313142,139,7.440106801,Movie 380,"[{'id': 53, 'name': 'Thriller'}]"
149934423,157731998,28.02204948,140,4.858399494,Movie 381,"[{'id': 27, 'name': 'Horror'}]"
92992689,86890647,34.80110169,110,8.152512154,Movie 382,"[{'id': 12, 'name': 'Adventure'}]"
199184878,426118038,45.4291016,89,7.202729193,Movie 383,"[{'id': 28, 'name': 'Action'}]"
199198934,521909117,91.41003536,155,5.410880752,Movie 384,"[{'id': 27, 'name': 'Horror'}]"
65785345,152016359,19.74994837,115,3.457814725,Movie 385,"[{'id': 27, 'name': 'Horror'}]"
18882750,46833640,1.497628708,164,7.396201103,Movie 386,"[{'id': 878, 'name': 'Science Fiction'}]"
79725274,120544301,6.949544627,128,6.701308536,Movie 387,"[{'id': 10749, 'name': 'Romance'}]"
195521577,417475615,90.57186783,149,3.017470307,Movie 388,[]
11192257,15507886,65.10413002,128,3.056519136,Movie 389,"[{'id': 28, 'name': 'Action'}]"
44167705,80109685,28.03102131,82,7.852757839,Movie 390,"[{'id': 53, 'name': 'Thriller'}]"
156348071,266430733,18.5420576,153,4.556398433,Movie 391,"[{'id': 12, 'name': 'Adventure'}]"
41869792,39450465,30.13240693,84,6.816802006,Movie 392,"[{'id': 12, 'name': 'Adventure'}]"
50913224,74725181,12.3648958,169,5.725286519,Movie 393,"[{'id': 16, 'name': 'Animation'}]"
65356138,190157323,94.21175812,140,8.180580087,Movie 394,"[{'id': 16, 'name': 'Animation'}]"
92959541,104249537,78.63641126,164,8.501766679,Movie 395,"[{'id': 35, 'name': 'Comedy'}]"
188225564,157075991,46.77672651,169,8.980846276,Movie 396,"[{'id': 27, 'name': 'Horror'}]"
193332313,298979055,86.63129791,105,3.922104815,Movie 397,"[{'id': 16, 'name': 'Animation'}]"
27658609,68478410,25.69636223,151,8.177784279,Movie 398,"[{'id': 878, 'name': 'Science Fiction'}]"
165241932,323109211,71.99493628,84,4.59612826,Movie 399,"[{'id': 53, 'name': 'Thriller'}]"
83008891,182821858,85.7571174,94,6.544895249,Movie 400,"[{'id': 18, 'name': 'Drama'}]"
49715257,48434448,36.32010245,95,6.034637003,Movie 401,"[{'id': 10749, 'name': 'Romance'}]"
23268806,47639866,75.9889801,80,3.107928789,Movie 402,"[{'id': 53, 'name': 'Thriller'}]"
7512440,9831913,30.21216258,95,8.596627679,Movie 403,"[{'id': 27, 'name': 'Horror'}]"
13431395,34730342,30.58685639,116,3.469962331,Movie 404,"[{'id': 16, 'name': 'Animation'}]"
30093907,62392102,11.59866068,82,7.129313516,Movie 405,"[{'id': 10749, 'name': 'Romance'}]"
108219264,107909832,44.5657466,131,7.710041017,Movie 406,"[{'id': 18, 'name': 'Drama'}]"
37253447,24644708,73.24147874,126,7.771727094,Movie 407,"[{'id': 28, 'name': 'Action'}]"
63134783,38296487,94.08185975,174,3.812967114,Movie 408,"[{'id': 53, 'name': 'Thriller'}]"
94560813,135082146,60.7759022,92,5.685419703,Movie 409,"[{'id': 16, 'name': 'Animation'}]"
197678031,230221338,86.45041824,159,7.976573223,Movie 410,"[{'id': 18, 'name': 'Drama'}]"
65447435,138436070,82.42697028,134,4.816075262,Movie 411,"[{'id': 12, 'name': 'Adventure'}]"
50895282,88981981,18.16096224,100,5.806492052,Movie 412,"[{'id': 10749, 'name': 'Romance'}]"
110500886,128738857,49.09592546,145,4.636763356,Movie 413,"[{'id': 53, 'name': 'Thriller'}]"
119613134,104433562,12.57543002,133,5.781308507,Movie 414,"[{'id': 16, 'name': 'Animation'}]"
3503771,2866082,68.53316299,106,8.327027536,Movie 415,"[{'id': 28, 'name': 'Action'}]"
71286689,189740285,95.04006716,117,5.730745386,Movie 416,"[{'id': 53, 'name': 'Thriller'}]"
136213889,151019646,14.57185635,169,6.335472102,Movie 417,"[{'id': 10749, 'name': 'Romance'}]"
5183839,11037827,73.65442995,137,5.4238577,Movie 418,"[{'id': 27, 'name': 'Horror'}]"
68775190,173775291,63.59157694,141,5.760703099,Movie 419,"[{'id': 10749, 'name': 'Romance'}]"
155370901,316211367,58.77689866,125,3.091045194,Movie 420,"[{'id': 12, 'name': 'Adventure'}]"
68227698,180729241,39.62190323,168,4.70247306,Movie 421,"[{'id': 28, 'name': 'Action'}]"
121680088,180206300,36.15803313,90,5.61949033,Movie 422,[]
130027769,375852479,5.479669713,151,6.802781856,Movie 423,"[{'id': 35, 'name': 'Comedy'}]"
184157310,153377719,22.57296212,87,5.700311583,Movie 424,"[{'id': 18, 'name': 'Drama'}]"
191442685,144610793,2.502511346,176,5.02690226,Movie 425,"[{'id': 27, 'name': 'Horror'}]"
157943484,339062073,58.56029345,150,5.328592412,Movie 426,[]
114531029,327224066,11.47947035,143,4.453759975,Movie 427,"[{'id': 878, 'name': 'Science Fiction'}]"
122690425,309450851,87.42892001,100,8.546965697,Movie 428,"[{'id': 10749, 'name': 'Romance'}]"
131997589,91215897,52.79115905,151,6.130459355,Movie 429,"[{'id': 28, 'name': 'Action'}]"
2079600,2492232,70.269301,142,3.080456723,Movie 430,"[{'id': 28, 'name': 'Action'}]"
161409267,456109856,41.67485209,164,3.116677551,Movie 431,"[{'id': 878, 'name': 'Science Fiction'}]"
167793897,190051100,56.49740109,143,8.83776981,Movie 432,"[{'id': 35, 'name': 'Comedy'}]"
44381573,108864716,94.32325852,99,4.328705348,Movie 433,"[{'id': 878, 'name': 'Science Fiction'}]"
160267818,410739250,9.190669923,87,7.833649733,Movie 434,"[{'id': 27, 'name': 'Horror'}]"
9849851,17125248,26.13983942,137,3.349651809,Movie 435,"[{'id': 35, 'name': 'Comedy'}]"
61779108,90560281,78.21884436,125,8.52697642,Movie 436,"[{'id': 53, 'name': 'Thriller'}]"
96534048,156897857,10.77498348,110,8.246502022,Movie 437,"[{'id': 28, 'name': 'Action'}]"
67009351,71526567,8.490449287,172,6.426558975,Movie 438,"[{'id': 12, 'name': 'Adventure'}]"
86871668,236593014,36.79259848,88,3.053991944,Movie 439,"[{'id': 28, 'name': 'Action'}]"
93526139,152124861,10.12462789,94,4.546865244,Movie 440,"[{'id': 878, 'name': 'Science Fiction'}]"
122637867,331876292,58.92276578,173,5.440935884,Movie 441,"[{'id': 16, 'name': 'Animation'}]"
120193195,91855690,23.40124983,105,5.7603847,Movie 442,"[{'id': 18, 'name': 'Drama'}]"
85890726,255154564,89.67409836,89,4.786072551,Movie 443,"[{'id': 35, 'name': 'Comedy'}]"
99129091,159417691,78.566508,108,3.197687209,Movie 444,"[{'id': 878, 'name': 'Science Fiction'}]"
127800645,79182346,70.2708154,159,6.540764436,Movie 445,"[{'id': 878, 'name': 'Science Fiction'}]"
30549535,18178641,62.07745871,115,6.144928006,Movie 446,"[{'id': 18, 'name': 'Drama'}]"
135667123,320923040,86.4831073,163,4.698003813,Movie 447,"[{'id': 27, 'name': 'Horror'}]"
157138845,337469629,23.08314409,116,3.227855805,Movie 448,"[{'id': 18, 'name': 'Drama'}]"
175526510,439751198,87.43777543,165,8.967565123,Movie 449,[]
52592034,40149749,79.15973754,150,5.891917121,Movie 450,"[{'id': 28, 'name': 'Action'}]"
54386038,32029415,75.06792181,102,7.536025451,Movie 451,"[{'id': 10749, 'name': 'Romance'}]"
58351079,103365915,56.56431213,120,5.71388421,Movie 452,[]
166748531,244951604,25.37817194,172,3.259021745,Movie 453,"[{'id': 12, 'name': 'Adventure'}]"
34266319,56706212,42.93124368,159,4.857604471,Movie 454,"[{'id': 878, 'name': 'Science Fiction'}]"
165720908,493677782,79.5634948,107,4.920660846,Movie 455,"[{'id': 878, 'name': 'Science Fiction'}]"
138597297,405656948,4.146069951,127,8.030117424,Movie 456,"[{'id': 27, 'name': 'Horror'}]"
71009467,202788017,78.42302616,117,6.925379868,Movie 457,"[{'id': 53, 'name': 'Thriller'}]"
117372585,288690395,24.76700331,110,4.652579422,Movie 458,"[{'id': 878, 'name': 'Science Fiction'}]"
45910237,63682245,15.28661087,93,8.806439728,Movie 459,"[{'id': 16, 'name': 'Animation'}]"
177383634,271455022,12.4544305,176,4.929250994,Movie 460,"[{'id': 12, 'name': 'Adventure'}]"
195073232,365575061,3.697751183,152,8.989404155,Movie 461,[]
103310007,266161304,52.83506204,170,8.976982159,Movie 462,"[{'id': 10749, 'name': 'Romance'}]"
90473854,60778713,22.6077274,167,4.147263106,Movie 463,"[{'id': 35, 'name': 'Comedy'}]"
7319707,11424175,98.95374481,156,4.876446697,Movie 464,"[{'id': 12, 'name': 'Adventure'}]"
69532150,49127534,57.86923883,169,5.916265191,Movie 465,"[{'id': 10749, 'name': 'Romance'}]"
4695961,8390010,14.65064167,108,6.984604027,Movie 466,"[{'id': 878, 'name': 'Science Fiction'}]"
109880612,301869737,69.18749154,130,6.168284694,Movie 467,"[{'id': 53, 'name': 'Thriller'}]"
109011636,267755722,89.87661308,128,8.816648815,Movie 468,"[{'id': 12, 'name': 'Adventure'}]"
79911293,85473601,74.77277004,122,7.343934985,Movie 469,"[{'id': 10749, 'name': 'Romance'}]"
101846358,299425962,8.567546243,171,4.272269096,Movie 470,"[{'id': 28, 'name': 'Action'}]"
37396424,81089508,89.69253394,171,3.630585301,Movie 471,"[{'id': 53, 'name': 'Thriller'}]"
5294539,2785294,79.5990092,151,7.130407744,Movie 472,"[{'id': 27, 'name': 'Horror'}]"
146826804,167167266,16.67208611,166,3.950714641,Movie 473,"[{'id': 28, 'name': 'Action'}]"
173716665,200083944,6.126802985,172,7.726061042,Movie 474,"[{'id': 35, 'name': 'Comedy'}]"
136021056,91560637,56.17374696,84,4.866220004,Movie 475,[]
21840174,63327032,16.44754532,121,4.961359578,Movie 476,"[{'id': 878, 'name': 'Science Fiction'}]"
2043233,3464584,83.62450431,86,3.064790354,Movie 477,"[{'id': 28, 'name': 'Action'}]"
135747253,371884553,36.47513101,121,7.206067603,Movie 478,"[{'id': 35, 'name': 'Comedy'}]"
117376111,153239062,91.37635203,115,3.679618518,Movie 479,"[{'id': 53, 'name': 'Thriller'}]"
152171559,123728248,57.00312904,106,7.637283465,Movie 480,"[{'id': 53, 'name': 'Thriller'}]"
129565108,218426077,19.08456604,137,5.951206932,Movie 481,"[{'id': 12, 'name': 'Adventure'}]"
57996736,45521150,14.82028787,125,7.70567889,Movie 482,"[{'id': 16, 'name': 'Animation'}]"
75583311,129628307,58.07077132,145,6.503559235,Movie 483,"[{'id': 35, 'name': 'Comedy'}]"
72709884,203641695,76.42647757,104,3.494599632,Movie 484,"[{'id': 12, 'name': 'Adventure'}]"
138917119,250317584,78.36905913,152,7.59391402,Movie 485,"[{'id': 878, 'name': 'Science Fiction'}]"
183704988,374987681,28.29998304,106,3.418796909,Movie 486,[]
192555830,171682025,21.22042913,80,5.872210323,Movie 487,"[{'id': 53, 'name': 'Thriller'}]"
16192217,9866550,2.658874145,166,4.034095285,Movie 488,"[{'id': 16, 'name': 'Animation'}]"
187713743,145857314,68.24071597,153,7.514011068,Movie 489,"[{'id': 28, 'name': 'Action'}]"
145510386,290486594,8.580257585,121,8.469547367,Movie 490,"[{'id': 878, 'name': 'Science Fiction'}]"
34698788,25591371,42.65535897,131,6.32475698,Movie 491,"[{'id': 18, 'name': 'Drama'}]"
62819576,90459072,60.56653424,104,6.162883766,Movie 492,"[{'id': 35, 'name': 'Comedy'}]"
127184732,238500606,93.77378555,133,7.583779178,Movie 493,[]
126838555,186659675,31.86841156,146,3.030472878,Movie 494,"[{'id': 878, 'name': 'Science Fiction'}]"
198579844,180550681,25.72744408,85,8.506551856,Movie 495,"[{'id': 35, 'name': 'Comedy'}]"
136965742,162232944,65.76185527,137,4.184692903,Movie 496,"[{'id': 12, 'name': 'Adventure'}]"
175928880,496259099,62.30466417,149,8.904713303,Movie 497,"[{'id': 28, 'name': 'Action'}]"
185514285,406268063,33.87886855,132,7.417523688,Movie 498,"[{'id': 27, 'name': 'Horror'}]"
181433853,315716603,92.88208172,145,7.645506886,Movie 499,"[{'id': 10749, 'name': 'Romance'}]"
70397491,37436486,84.64137042,137,6.937217882,Movie 500,"[{'id': 10749, 'name': 'Romance'}]"
158512907,472533078,23.17427204,161,5.829979097,Movie 501,"[{'id': 27, 'name': 'Horror'}]"
74706383,162758115,24.675112,166,6.42976616,Movie 502,"[{'id': 53, 'name': 'Thriller'}]"
152759065,197411485,51.71773434,81,3.278417316,Movie 503,"[{'id': 878, 'name': 'Science Fiction'}]"
58399769,157572601,77.58363807,155,6.743757057,Movie 504,"[{'id': 27, 'name': 'Horror'}]"
155497574,178212512,5.359997559,101,6.756588612,Movie 505,"[{'id': 878, 'name': 'Science Fiction'}]"
146188451,271916578,69.64018022,116,8.347204784,Movie 506,"[{'id': 27, 'name': 'Horror'}]"
117710653,246036088,65.17535384,99,6.033938145,Movie 507,"[{'id': 27, 'name': 'Horror'}]"
107402148,113057776,23.9165295,103,3.462866245,Movie 508,"[{'id': 12, 'name': 'Adventure'}]"
101952086,300350151,68.45394831,163,4.837175523,Movie 509,"[{'id': 12, 'name': 'Adventure'}]"
51018037,120937224,94.07813593,144,6.933776473,Movie 510,"[{'id': 28, 'name': 'Action'}]"
44351876,84026095,5.631798652,144,4.435553177,Movie 511,[]
51166883,48684598,32.64555347,160,4.683166931,Movie 512,"[{'id': 53, 'name': 'Thriller'}]"
195579233,124123483,44.37949495,80,7.922814098,Movie 513,"[{'id': 27, 'name': 'Horror'}]"
47787763,62131240,90.02677553,173,6.505918391,Movie 514,"[{'id': 35, 'name': 'Comedy'}]"
66732489,159021408,96.26388321,82,6.051164591,Movie 515,"[{'id': 12, 'name': 'Adventure'}]"
4693305,5506787,44.9674094,125,4.910711801,Movie 516,"[{'id': 16, 'name': 'Animation'}]"
14470137,26753699,75.2528128,134,7.385568216,Movie 517,"[{'id': 18, 'name': 'Drama'}]"
5466271,12681026,53.63444135,154,4.726310607,Movie 518,[]
189934912,146223155,54.24051054,167,7.422381106,Movie 519,"[{'id': 35, 'name': 'Comedy'}]"
170124855,376527991,28.53185199,165,3.420608882,Movie 520,"[{'id': 53, 'name': 'Thriller'}]"
145713028,106323477,22.47866834,143,8.187248049,Movie 521,"[{'id': 18, 'name': 'Drama'}]"
163927107,477490869,29.51252925,124,5.99739878,Movie 522,"[{'id': 18, 'name': 'Drama'}]"
35654999,61361730,56.07647272,105,5.6310481,Movie 523,"[{'id': 27, 'name': 'Horror'}]"
28451727,24943352,3.886363416,156,6.666140469,Movie 524,"[{'id': 878, 'name': 'Science Fiction'}]"
75815222,102802339,90.81764549,144,6.745152437,Movie 525,"[{'id': 878, 'name': 'Science Fiction'}]"
29997889,46002996,16.47208725,103,3.792211061,Movie 526,"[{'id': 53, 'name': 'Thriller'}]"
114865200,275155282,22.78877901,153,7.537401539,Movie 527,[]
100967871,238138727,52.30934147,114,4.655569788,Movie 528,[]
49978079,101448066,71.30136187,103,8.429771281,Movie 529,"[{'id': 18, 'name': 'Drama'}]"
12726298,9733413,10.47717642,107,7.90710398,Movie 530,"[{'id': 27, 'name': 'Horror'}]"
56723671,49855763,32.45177506,179,5.077596249,Movie 531,[]
57564401,42274852,96.89878595,159,7.846435759,Movie 532,"[{'id': 16, 'name': 'Animation'}]"
47673570,92626502,26.97195371,95,5.138342996,Movie 533,"[{'id': 35, 'name': 'Comedy'}]"
79547323,214208698,31.99196436,138,3.60568609,Movie 534,"[{'id': 10749, 'name': 'Romance'}]"
16033888,25405716,83.81335057,160,8.771329432,Movie 535,"[{'id': 878, 'name': 'Science Fiction'}]"
90132960,81310785,5.971228737,133,6.915612091,Movie 536,[]
196922610,373189182,46.99670371,158,5.73659716,Movie 537,"[{'id': 28, 'name': 'Action'}]"
35958762,90953392,38.58205968,95,5.386640109,Movie 538,"[{'id': 28, 'name': 'Action'}]"
18028708,42444629,32.34208923,94,4.948232006,Movie 539,"[{'id': 878, 'name': 'Science Fiction'}]"
5035851,13615062,29.28425981,177,8.888685573,Movie 540,"[{'id': 28, 'name': 'Action'}]"
48685442,58167187,10.04603638,90,3.808483591,Movie 541,"[{'id': 12, 'name': 'Adventure'}]"
35045504,34515779,32.16775711,144,4.888830354,Movie 542,"[{'id': 12, 'name': 'Adventure'}]"
102750176,277378334,5.262187869,158,5.912985842,Movie 543,"[{'id': 28, 'name': 'Action'}]"
114751207,246015202,78.3154225,169,5.86799727,Movie 544,"[{'id': 12, 'name': 'Adventure'}]"
131355017,167782695,40.4245516,147,5.828198906,Movie 545,"[{'id': 12, 'name': 'Adventure'}]"
83396202,196470620,44.9464794,122,4.054702895,Movie 546,"[{'id': 878, 'name': 'Science Fiction'}]"
36610155,92909103,89.46586406,148,3.869595163,Movie 547,"[{'id': 12, 'name': 'Adventure'}]"
103912284,211715625,66.1474434,178,4.528605518,Movie 548,"[{'id': 16, 'name': 'Animation'}]"
30469068,67632503,1.797851231,92,8.487156923,Movie 549,"[{'id': 878, 'name': 'Science Fiction'}]"
117346891,168762403,94.37430747,89,3.678317807,Movie 550,"[{'id': 28, 'name': 'Action'}]"
165402782,305455796,24.47730213,154,7.54455062,Movie 551,"[{'id': 10749, 'name': 'Romance'}]"
10702701,19376147,11.65380429,161,7.545290359,Movie 552,"[{'id': 53, 'name': 'Thriller'}]"
79262145,207676289,77.04468966,177,7.858622423,Movie 553,"[{'id': 28, 'name': 'Action'}]"
168345404,437682891,50.54725427,120,8.319692934,Movie 554,"[{'id': 27, 'name': 'Horror'}]"
138193970,356775534,43.94328604,129,4.578217065,Movie 555,"[{'id': 28, 'name': 'Action'}]"
104312086,55032869,25.70080489,166,4.347356816,Movie 556,"[{'id': 53, 'name': 'Thriller'}]"
38317456,90960418,55.1996775,150,5.793033999,Movie 557,"[{'id': 28, 'name': 'Action'}]"
132952729,318646605,28.16407592,138,4.590535013,Movie 558,"[{'id': 10749, 'name': 'Romance'}]"
28812615,63270977,90.25671752,118,7.405859934,Movie 559,"[{'id': 16, 'name': 'Animation'}]"
45653148,109141229,22.30524349,82,6.81563746,Movie 560,"[{'id': 10749, 'name': 'Romance'}]"
140050905,364822233,88.5511599,155,8.249926128,Movie 561,"[{'id': 35, 'name': 'Comedy'}]"
100952217,169175486,56.38113715,86,3.496429821,Movie 562,"[{'id': 27, 'name': 'Horror'}]"
121794109,213763950,83.02032526,128,8.4905,Movie 563,"[{'id': 18, 'name': 'Drama'}]"
9454561,7675072,71.57175359,105,4.76009176,Movie 564,"[{'id': 35, 'name': 'Comedy'}]"
46932658,68683115,69.97281603,112,5.944166076,Movie 565,"[{'id': 16, 'name': 'Animation'}]"
137815208,290571369,33.11023496,127,5.631668616,Movie 566,[]
24151417,59195109,24.15579622,158,7.561869907,Movie 567,"[{'id': 27, 'name': 'Horror'}]"
40673332,42423210,21.87773654,81,5.521999857,Movie 568,"[{'id': 28, 'name': 'Action'}]"
154917041,130836309,85.86197405,150,8.661318874,Movie 569,"[{'id': 28, 'name': 'Action'}]"
17934380,38695308,82.22225521,111,8.415203296,Movie 570,"[{'id': 27, 'name': 'Horror'}]"
11617244,5863219,44.61677927,83,8.232966912,Movie 571,"[{'id': 878, 'name': 'Science Fiction'}]"
169303991,160149971,14.10805674,99,3.427549996,Movie 572,"[{'id': 10749, 'name': 'Romance'}]"
185451800,106204249,38.84297295,115,8.125548369,Movie 573,"[{'id': 878, 'name': 'Science Fiction'}]"
130195004,119416523,62.31500196,111,7.689812673,Movie 574,"[{'id': 18, 'name': 'Drama'}]"
138587448,132115164,45.98591229,107,3.621077682,Movie 575,"[{'id': 35, 'name': 'Comedy'}]"
3640328,5348311,78.23873758,156,3.644485953,Movie 576,"[{'id': 53, 'name': 'Thriller'}]"
26856919,40441626,99.7646594,80,3.606982869,Movie 577,"[{'id': 27, 'name': 'Horror'}]"
58658082,157535440,19.92207676,139,3.067995559,Movie 578,"[{'id': 16, 'name': 'Animation'}]"
190613154,338390629,46.50543115,135,6.291805831,Movie 579,"[{'id': 18, 'name': 'Drama'}]"
162566703,375287170,43.66740629,114,8.840365749,Movie 580,"[{'id': 12, 'name': 'Adventure'}]"
12552291,9544051,31.14476074,109,5.632108217,Movie 581,"[{'id': 35, 'name': 'Comedy'}]"
1070640,1138729,20.61145616,133,6.244545011,Movie 582,[]
114442790,258338416,7.503519532,115,8.807818781,Movie 583,"[{'id': 53, 'name': 'Thriller'}]"
78498463,49611805,88.82481241,134,4.531093373,Movie 584,"[{'id': 10749, 'name': 'Romance'}]"
122562775,210378286,42.56502107,168,8.150821516,Movie 585,"[{'id': 35, 'name': 'Comedy'}]"
198193764,396074860,50.19265633,159,6.278342803,Movie 586,"[{'id': 16, 'name': 'Animation'}]"
4741196,9507824,91.77726277,137,6.416859088,Movie 587,"[{'id': 16, 'name': 'Animation'}]"
20511512,11431722,77.85275727,162,5.059043143,Movie 588,"[{'id': 12, 'name': 'Adventure'}]"
175478184,229046411,13.91962515,144,6.369506166,Movie 589,"[{'id': 16, 'name': 'Animation'}]"
12720477,26601400,56.97657679,148,3.438855057,Movie 590,"[{'id': 35, 'name': 'Comedy'}]"
119338832,104123052,44.78297538,130,7.587861436,Movie 591,"[{'id': 16, 'name': 'Animation'}]"
148435376,332278396,79.92389619,101,4.708126569,Movie 592,"[{'id': 35, 'name': 'Comedy'}]"
23558781,55712112,72.69902221,167,8.325649977,Movie 593,[]
60946863,180093285,69.35016647,132,5.207104168,Movie 594,"[{'id': 18, 'name': 'Drama'}]"
63784216,65353625,34.71393871,179,3.856944663,Movie 595,"[{'id': 12, 'name': 'Adventure'}]"
33425301,85663252,80.69140931,115,7.175289446,Movie 596,"[{'id': 35, 'name': 'Comedy'}]"
89146618,160530009,6.186738264,147,3.987468868,Movie 597,"[{'id': 27, 'name': 'Horror'}]"
161996370,232247147,16.80286524,115,7.522083093,Movie 598,"[{'id': 10749, 'name': 'Romance'}]"
61995760,49964980,34.22670402,131,8.808673418,Movie 599,"[{'id': 12, 'name': 'Adventure'}]"
47547339,111202005,8.603936666,132,7.677317213,Movie 600,"[{'id': 18, 'name': 'Drama'}]"
91372540,99563539,24.26443348,161,3.134695491,Movie 601,[]
131489576,187840091,83.18494732,129,6.599314728,Movie 602,"[{'id': 18, 'name': 'Drama'}]"
149791186,98316278,94.87690224,159,7.172464026,Movie 603,[]
124637835,312020511,31.15563322,120,7.952749955,Movie 604,"[{'id': 12, 'name': 'Adventure'}]"
183128904,442525742,27.18706459,97,3.336013854,Movie 605,"[{'id': 27, 'name': 'Horror'}]"
30264326,70638134,28.70937257,101,5.880646968,Movie 606,[]
83896667,104754114,28.49418965,145,6.212225236,Movie 607,"[{'id': 28, 'name': 'Action'}]"
54953229,51309840,4.557088036,100,4.014749176,Movie 608,"[{'id': 35, 'name': 'Comedy'}]"
57294783,119968581,92.76471829,179,4.934698858,Movie 609,"[{'id': 53, 'name': 'Thriller'}]"
194363507,338273349,22.15611602,123,5.641330358,Movie 610,"[{'id': 53, 'name': 'Thriller'}]"
47977874,45369372,42.58040333,126,7.999258128,Movie 611,"[{'id': 35, 'name': 'Comedy'}]"
30365614,67253099,1.959001391,118,8.576445396,Movie 612,"[{'id': 18, 'name': 'Drama'}]"
90268367,268802594,85.937554,108,6.770536974,Movie 613,"[{'id': 12, 'name': 'Adventure'}]"
48010676,113691631,73.3845771,133,5.369671116,Movie 614,[]
126430852,297108199,94.72884748,169,4.524186107,Movie 615,"[{'id': 18, 'name': 'Drama'}]"
186588834,536588788,78.37993244,164,8.892811107,Movie 616,"[{'id': 53, 'name': 'Thriller'}]"
172544971,173811609,32.05694469,96,8.898119988,Movie 617,"[{'id': 12, 'name': 'Adventure'}]"
70426200,134786937,25.53946251,159,8.549861689,Movie 618,"[{'id': 28, 'name': 'Action'}]"
109352980,322494709,70.07391445,139,7.714014899,Movie 619,"[{'id': 12, 'name': 'Adventure'}]"
11198499,10226864,37.04716473,110,4.954677262,Movie 620,"[{'id': 27, 'name': 'Horror'}]"
38342772,86295389,57.05528656,152,7.902002901,Movie 621,"[{'id': 28, 'name': 'Action'}]"
179580630,352790702,1.619489632,174,5.452758104,Movie 622,"[{'id': 10749, 'name': 'Romance'}]"
135415503,266253654,7.126684466,157,4.960638589,Movie 623,"[{'id': 10749, 'name': 'Romance'}]"
171158648,384110227,54.00142618,128,7.469192151,Movie 624,"[{'id': 12, 'name': 'Adventure'}]"
124291756,351005177,57.041093,81,3.477923566,Movie 625,"[{'id': 35, 'name': 'Comedy'}]"
158832377,390164562,75.3938415,127,3.29137634,Movie 626,"[{'id': 27, 'name': 'Horror'}]"
18310852,11725175,14.06456664,93,5.687722183,Movie 627,"[{'id': 28, 'name': 'Action'}]"
55564054,146234591,51.80512529,138,5.673832805,Movie 628,[]
198206748,210862907,20.2503168,176,8.373864918,Movie 629,"[{'id': 16, 'name': 'Animation'}]"
165991210,239406700,10.22641584,178,3.756918578,Movie 630,"[{'id': 28, 'name': 'Action'}]"
79733130,131905071,41.63908361,137,3.739703565,Movie 631,"[{'id': 28, 'name': 'Action'}]"
134796590,229459517,17.17032816,137,3.884715603,Movie 632,"[{'id': 27, 'name': 'Horror'}]"
78273675,124294760,22.95641584,130,3.178417568,Movie 633,"[{'id': 878, 'name': 'Science Fiction'}]"
3276360,9315947,32.43790341,163,3.430390427,Movie 634,"[{'id': 27, 'name': 'Horror'}]"
50437769,114243943,26.67945167,81,6.959219201,Movie 635,"[{'id': 878, 'name': 'Science Fiction'}]"
106071545,220408886,9.671538443,120,5.589505975,Movie 636,"[{'id': 16, 'name': 'Animation'}]"
166883132,104236050,9.901708241,162,7.581618403,Movie 637,"[{'id': 16, 'name': 'Animation'}]"
112586533,310714436,20.13169211,161,8.955586311,Movie 638,"[{'id': 35, 'name': 'Comedy'}]"
93800518,260153436,6.005359608,95,6.954208087,Movie 639,"[{'id': 27, 'name': 'Horror'}]"
58849484,144212582,63.01924495,83,3.302733424,Movie 640,"[{'id': 28, 'name': 'Action'}]"
151652071,78491018,29.44534493,91,3.627377189,Movie 641,"[{'id': 878, 'name': 'Science Fiction'}]"
45079273,28995016,28.69485081,108,8.286024509,Movie 642,"[{'id': 10749, 'name': 'Romance'}]"
93992904,99920026,33.86783113,86,6.164975667,Movie 643,"[{'id': 27, 'name': 'Horror'}]"
41201137,34129930,66.61683115,93,7.949022956,Movie 644,[]
73571674,110143422,87.19275427,91,8.139674017,Movie 645,"[{'id': 28, 'name': 'Action'}]"
81497273,228726794,76.14960632,178,8.566047249,Movie 646,"[{'id': 18, 'name': 'Drama'}]"
93792001,157584732,73.02539379,84,8.698975233,Movie 647,"[{'id': 28, 'name': 'Action'}]"
81954884,43723468,48.95472737,160,6.328954779,Movie 648,"[{'id': 28, 'name': 'Action'}]"
58235484,70282322,69.68675014,111,5.046121034,Movie 649,"[{'id': 53, 'name': 'Thriller'}]"
96939748,59277421,55.72347444,153,8.771189246,Movie 650,"[{'id': 53, 'name': 'Thriller'}]"
197400549,116608266,22.40880229,122,6.284438436,Movie 651,"[{'id': 10749, 'name': 'Romance'}]"
81768647,97247421,21.65024841,160,3.385516338,Movie 652,"[{'id': 10749, 'name': 'Romance'}]"
24020885,28561573,30.34280868,148,6.8566593,Movie 653,"[{'id': 53, 'name': 'Thriller'}]"
2286643,5643015,91.16946443,124,6.526108502,Movie 654,"[{'id': 53, 'name': 'Thriller'}]"
42869822,125912381,55.1940692,88,8.374757237,Movie 655,"[{'id': 53, 'name': 'Thriller'}]"
141418374,201947946,73.65663232,128,6.919123135,Movie 656,"[{'id': 12, 'name': 'Adventure'}]"
127223660,200023226,35.30931722,112,5.094314547,Movie 657,"[{'id': 10749, 'name': 'Romance'}]"
15509187,40509586,41.3638613,179,8.797354354,Movie 658,"[{'id': 10749, 'name': 'Romance'}]"
162998627,190765043,13.43099229,179,7.809716916,Movie 659,"[{'id': 878, 'name': 'Science Fiction'}]"
6409861,5710894,17.95820082,97,6.78250571,Movie 660,[]
89825083,236484657,82.90829893,88,4.75755122,Movie 661,"[{'id': 878, 'name': 'Science Fiction'}]"
91197406,56200535,58.89902454,141,5.241241778,Movie 662,"[{'id': 10749, 'name': 'Romance'}]"
190695762,390783023,34.41571412,136,7.019819545,Movie 663,"[{'id': 12, 'name': 'Adventure'}]"
117595132,224016623,80.48226969,108,3.431884911,Movie 664,"[{'id': 10749, 'name': 'Romance'}]"
13831595,18877376,25.40547066,157,4.54008355,Movie 665,"[{'id': 16, 'name': 'Animation'}]"
76524262,98561244,97.62723716,104,7.2834056,Movie 666,"[{'id': 10749, 'name': 'Romance'}]"
135666073,329620303,35.13694317,94,5.880111059,Movie 667,"[{'id': 878, 'name': 'Science Fiction'}]"
77246546,55313279,34.39378446,85,5.414361389,Movie 668,"[{'id': 18, 'name': 'Drama'}]"
16814828,18361132,31.87927865,121,3.908745734,Movie 669,"[{'id': 18, 'name': 'Drama'}]"
49763532,116004855,13.08904008,108,5.651094207,Movie 670,"[{'id': 28, 'name': 'Action'}]"
130716977,244545511,12.00257759,158,7.624151825,Movie 671,"[{'id': 10749, 'name': 'Romance'}]"
134833947,110559861,65.16239842,172,4.584077076,Movie 672,"[{'id': 27, 'name': 'Horror'}]"
39538877,106966067,87.63668641,83,3.032391253,Movie 673,"[{'id': 27, 'name': 'Horror'}]"
74851335,111050908,79.26153052,161,7.011029407,Movie 674,"[{'id': 12, 'name': 'Adventure'}]"
45196734,116140733,14.96965181,136,8.835759627,Movie 675,[]
104982440,259231305,55.01263006,128,6.640959382,Movie 676,"[{'id': 27, 'name': 'Horror'}]"
90630668,186795572,11.45356305,123,3.719531154,Movie 677,"[{'id': 28, 'name': 'Action'}]"
106967805,185717805,5.484169718,159,4.924398554,Movie 678,"[{'id': 53, 'name': 'Thriller'}]"
109331512,322405192,65.98220008,154,8.205849688,Movie 679,"[{'id': 16, 'name': 'Animation'}]"
173721659,149819761,53.98008103,93,4.395408446,Movie 680,"[{'id': 878, 'name': 'Science Fiction'}]"
154382256,357069070,9.120344836,82,6.646175421,Movie 681,"[{'id': 878, 'name': 'Science Fiction'}]"
88580056,86629235,4.458985394,141,5.41602725,Movie 682,"[{'id': 878, 'name': 'Science Fiction'}]"
122848736,165312355,98.98588493,143,4.247062329,Movie 683,"[{'id': 878, 'name': 'Science Fiction'}]"
156030437,198431218,3.972111883,124,7.880441361,Movie 684,"[{'id': 878, 'name': 'Science Fiction'}]"
111477445,319671603,45.00829705,161,7.456987659,Movie 685,"[{'id': 18, 'name': 'Drama'}]"
53203051,155267275,50.95728344,137,6.969546396,Movie 686,"[{'id': 878, 'name': 'Science Fiction'}]"
174519532,167109190,12.61073463,99,4.418019542,Movie 687,"[{'id': 18, 'name': 'Drama'}]"
140066015,77748950,17.73711607,137,3.587142016,Movie 688,"[{'id': 16, 'name': 'Animation'}]"
186370428,428655730,35.82869563,168,6.456955979,Movie 689,"[{'id': 12, 'name': 'Adventure'}]"
44750190,69137917,76.40591175,136,6.322067001,Movie 690,"[{'id': 28, 'name': 'Action'}]"
70334164,50788342,51.20115998,156,4.130310056,Movie 691,"[{'id': 27, 'name': 'Horror'}]"
187404943,414049719,64.15228558,147,3.337480166,Movie 692,"[{'id': 878, 'name': 'Science Fiction'}]"
119975349,223485739,98.53228095,157,3.484250725,Movie 693,"[{'id': 53, 'name': 'Thriller'}]"
190475579,562149062,77.0325381,176,8.956625919,Movie 694,"[{'id': 35, 'name': 'Comedy'}]"
49518372,52911556,44.00178832,171,7.701503368,Movie 695,"[{'id': 878, 'name': 'Science Fiction'}]"
13842659,20901649,45.19775026,131,8.531924856,Movie 696,"[{'id': 16, 'name': 'Animation'}]"
34978002,64931921,62.25843563,116,4.170328333,Movie 697,"[{'id': 18, 'name': 'Drama'}]"
137590867,341122153,66.87115563,87,8.763411218,Movie 698,"[{'id': 18, 'name': 'Drama'}]"
56553464,105873550,50.57038166,123,3.855926109,Movie 699,"[{'id': 35, 'name': 'Comedy'}]"
100204497,203640629,64.84126106,177,6.054490971,Movie 700,"[{'id': 12, 'name': 'Adventure'}]"
178018926,189655601,3.329716947,84,7.978174107,Movie 701,"[{'id': 53, 'name': 'Thriller'}]"
19892008,52063289,43.53266353,148,5.098820127,Movie 702,"[{'id': 12, 'name': 'Adventure'}]"
126881648,199404199,28.61486953,110,5.548971199,Movie 703,"[{'id': 18, 'name': 'Drama'}]"
36427853,31051067,13.78827008,124,3.769110662,Movie 704,"[{'id': 28, 'name': 'Action'}]"
192100046,415026345,10.85510477,88,3.73753128,Movie 705,"[{'id': 35, 'name': 'Comedy'}]"
74190814,77175223,60.7160244,111,6.717409349,Movie 706,"[{'id': 35, 'name': 'Comedy'}]"
11986868,8917106,52.83645417,112,7.053194212,Movie 707,"[{'id': 35, 'name': 'Comedy'}]"
41480309,110128862,26.10482758,146,7.663995084,Movie 708,"[{'id': 16, 'name': 'Animation'}]"
94691765,156279825,47.62405582,109,6.340092316,Movie 709,"[{'id': 35, 'name': 'Comedy'}]"
40521538,96166090,49.7309992,155,6.874555754,Movie 710,"[{'id': 27, 'name': 'Horror'}]"
113347791,139017540,20.30588906,108,3.08110363,Movie 711,"[{'id': 53, 'name': 'Thriller'}]"
196190712,484085933,65.55721313,82,3.973024363,Movie 712,"[{'id': 18, 'name': 'Drama'}]"
173891082,135607189,78.31101628,169,8.909488596,Movie 713,"[{'id': 12, 'name': 'Adventure'}]"
133985867,186231436,79.35489055,136,3.455961038,Movie 714,"[{'id': 12, 'name': 'Adventure'}]"
92063625,271141603,60.64451324,109,7.072729334,Movie 715,"[{'id': 12, 'name': 'Adventure'}]"
56454431,140287809,51.65221967,88,4.056495798,Movie 716,"[{'id': 878, 'name': 'Science Fiction'}]"
66557447,116018936,7.039707158,105,7.300311515,Movie 717,"[{'id': 28, 'name': 'Action'}]"
84845477,114494192,29.49529859,81,7.235942418,Movie 718,"[{'id': 18, 'name': 'Drama'}]"
78982667,211700342,10.23387323,141,4.405194359,Movie 719,[]
191078359,355810718,96.41849293,82,4.617806395,Movie 720,"[{'id': 10749, 'name': 'Romance'}]"
100471732,240736553,14.37293448,125,6.928624282,Movie 721,"[{'id': 12, 'name': 'Adventure'}]"
118601287,282895997,16.02576558,147,5.340516233,Movie 722,"[{'id': 878, 'name': 'Science Fiction'}]"
192898745,105103619,89.06808521,104,4.167287818,Movie 723,"[{'id': 18, 'name': 'Drama'}]"
3667867,2991638,94.44890006,130,7.390077593,Movie 724,"[{'id': 10749, 'name': 'Romance'}]"
94837987,203813796,76.81707488,92,3.924885146,Movie 725,"[{'id': 12, 'name': 'Adventure'}]"
113521305,102628882,1.535087444,123,8.133861985,Movie 726,"[{'id': 10749, 'name': 'Romance'}]"
57987271,66032040,1.133280825,114,6.088017144,Movie 727,"[{'id': 27, 'name': 'Horror'}]"
176459001,505836469,38.43197621,134,3.634203623,Movie 728,"[{'id': 27, 'name': 'Horror'}]"
180936571,343861927,15.19614163,166,7.164434001,Movie 729,[]
91864817,218346480,2.820228073,88,6.114978237,Movie 730,"[{'id': 16, 'name': 'Animation'}]"
69452891,131609884,46.94260225,81,4.788345431,Movie 731,"[{'id': 18, 'name': 'Drama'}]"
66432283,124977993,94.36312784,140,5.535236281,Movie 732,"[{'id': 28, 'name': 'Action'}]"
159461992,117265123,33.05813792,120,4.790026462,Movie 733,"[{'id': 27, 'name': 'Horror'}]"
43734307,59441832,66.45292716,123,4.578155014,Movie 734,"[{'id': 18, 'name': 'Drama'}]"
68606426,82744649,65.57129996,143,3.981650525,Movie 735,"[{'id': 27, 'name': 'Horror'}]"
46791733,69103009,25.85693026,110,5.176602799,Movie 736,"[{'id': 53, 'name': 'Thriller'}]"
139795966,348911225,65.39209963,126,4.505923238,Movie 737,"[{'id': 35, 'name': 'Comedy'}]"
156032720,223100524,22.02106345,81,7.100606922,Movie 738,"[{'id': 10749, 'name': 'Romance'}]"
128833288,209900610,13.07873394,175,7.103260447,Movie 739,[]
156506676,233735439,70.43694527,161,6.011041455,Movie 740,"[{'id': 10749, 'name': 'Romance'}]"
6562067,4813406,12.23064089,156,7.667667165,Movie 741,"[{'id': 27, 'name': 'Horror'}]"
174009356,278881383,99.69401264,148,8.048038314,Movie 742,"[{'id': 16, 'name': 'Animation'}]"
91012399,90013372,19.16178771,137,6.478598745,Movie 743,"[{'id': 27, 'name': 'Horror'}]"
162563548,157167777,59.82004441,123,6.713610977,Movie 744,"[{'id': 12, 'name': 'Adventure'}]"
36154828,26577061,41.72608257,153,4.697315459,Movie 745,"[{'id': 28, 'name': 'Action'}]"
155306093,216135985,13.51225582,135,8.369215204,Movie 746,"[{'id': 27, 'name': 'Horror'}]"
59842658,143245652,3.75654685,122,3.145236267,Movie 747,"[{'id': 35, 'name': 'Comedy'}]"
44109628,52539164,62.65049595,168,5.091614817,Movie 748,"[{'id': 18, 'name': 'Drama'}]"
14021573,17959850,80.86899882,113,7.330802529,Movie 749,"[{'id': 53, 'name': 'Thriller'}]"
53827729,113398157,84.35955049,109,3.480537058,Movie 750,"[{'id': 12, 'name': 'Adventure'}]"
179838386,177968432,48.78863383,150,4.099017165,Movie 751,"[{'id': 35, 'name': 'Comedy'}]"
165151551,452910758,77.96809125,149,6.535714367,Movie 752,"[{'id': 12, 'name': 'Adventure'}]"
81155332,146118252,67.61186622,134,6.359962029,Movie 753,"[{'id': 12, 'name': 'Adventure'}]"
190736856,308804371,72.70119822,146,7.433569777,Movie 754,"[{'id': 16, 'name': 'Animation'}]"
186727425,353764532,49.76730152,92,7.875675835,Movie 755,"[{'id': 35, 'name': 'Comedy'}]"
87966281,80496693,63.70776228,82,3.771477471,Movie 756,"[{'id': 27, 'name': 'Horror'}]"
8136029,16546102,80.74706544,105,3.110285939,Movie 757,"[{'id': 35, 'name': 'Comedy'}]"
195212716,274811060,40.39053338,136,7.137831118,Movie 758,[]
172086852,472028358,80.79191119,103,4.808350775,Movie 759,"[{'id': 12, 'name': 'Adventure'}]"
114245302,105349650,59.60966744,132,6.755903484,Movie 760,[]
156714551,277012990,17.42420141,149,3.903267528,Movie 761,"[{'id': 28, 'name': 'Action'}]"
7285088,14535801,3.443731565,122,5.81424028,Movie 762,"[{'id': 878, 'name': 'Science Fiction'}]"
119550901,69753049,36.91260644,139,6.026548476,Movie 763,"[{'id': 35, 'name': 'Comedy'}]"
185125585,260885048,55.1229365,137,6.510466898,Movie 764,"[{'id': 35, 'name': 'Comedy'}]"
110164720,256858748,84.14221487,128,6.079020098,Movie 765,"[{'id': 27, 'name': 'Horror'}]"
8468810,21603458,13.62108233,121,5.974144621,Movie 766,"[{'id': 10749, 'name': 'Romance'}]"
136852884,175569247,80.22042842,155,4.996404924,Movie 767,"[{'id': 16, 'name': 'Animation'}]"
26301054,65660138,86.43789556,179,3.427081418,Movie 768,"[{'id': 35, 'name': 'Comedy'}]"
78264088,228483371,15.91806121,145,3.537121181,Movie 769,[]
140218773,370483916,85.30783761,90,5.602669646,Movie 770,"[{'id': 878, 'name': 'Science Fiction'}]"
72572282,57630372,99.15390322,177,5.134758767,Movie 771,[]
128212314,301212501,72.95704427,169,6.096808828,Movie 772,"[{'id': 28, 'name': 'Action'}]"
29267184,38022962,78.6921985,97,4.829029016,Movie 773,"[{'id': 35, 'name': 'Comedy'}]"
111933452,332558760,99.44711149,164,7.127460549,Movie 774,"[{'id': 28, 'name': 'Action'}]"
5345760,9159411,60.9426438,179,8.183728932,Movie 775,"[{'id': 28, 'name': 'Action'}]"
134973601,108800160,31.48075182,131,4.793179133,Movie 776,"[{'id': 16, 'name': 'Animation'}]"
159148712,368105220,83.91555257,125,4.157904048,Movie 777,"[{'id': 878, 'name': 'Science Fiction'}]"
172023458,224925487,61.83409197,123,3.697083446,Movie 778,"[{'id': 35, 'name': 'Comedy'}]"
39019582,116773723,58.53834695,101,6.697524243,Movie 779,"[{'id': 12, 'name': 'Adventure'}]"
101532608,299465974,26.10992,132,5.663135947,Movie 780,"[{'id': 12, 'name': 'Adventure'}]"
59720660,127822221,75.87709269,138,4.128094303,Movie 781,"[{'id': 878, 'name': 'Science Fiction'}]"
56229238,46364724,9.08506031,173,6.9188204,Movie 782,"[{'id': 35, 'name': 'Comedy'}]"
19100699,42349162,92.50442001,109,3.890899098,Movie 783,"[{'id': 10749, 'name': 'Romance'}]"
2722320,1994306,33.25652262,87,6.325804235,Movie 784,"[{'id': 16, 'name': 'Animation'}]"
148516100,85160675,13.64969063,177,6.16289029,Movie 785,"[{'id': 16, 'name': 'Animation'}]"
164920642,421767409,44.79428678,136,7.405366807,Movie 786,"[{'id': 27, 'name': 'Horror'}]"
98278998,100675272,5.204521016,152,3.33065784,Movie 787,"[{'id': 18, 'name': 'Drama'}]"
82550308,119497169,68.77799323,99,8.327237591,Movie 788,"[{'id': 28, 'name': 'Action'}]"
166875252,489552494,90.36784553,104,7.217950357,Movie 789,"[{'id': 12, 'name': 'Adventure'}]"
32206052,43223782,83.88903771,98,4.29675599,Movie 790,"[{'id': 28, 'name': 'Action'}]"
31413513,38991220,13.60957787,84,4.100432092,Movie 791,"[{'id': 10749, 'name': 'Romance'}]"
160546825,448811860,13.50084257,154,5.589961285,Movie 792,"[{'id': 27, 'name': 'Horror'}]"
13243026,10288124,81.53001375,158,7.905391977,Movie 793,[]
57024141,136798406,92.50117319,151,8.057699959,Movie 794,"[{'id': 16, 'name': 'Animation'}]"
76356616,226791665,46.60631315,162,6.122736553,Movie 795,"[{'id': 18, 'name': 'Drama'}]"
18864557,51938653,50.39814057,166,8.164865176,Movie 796,"[{'id': 53, 'name': 'Thriller'}]"
7195200,15319802,32.5079421,106,3.032662255,Movie 797,"[{'id': 27, 'name': 'Horror'}]"
72086130,92641633,89.53224671,119,3.211047789,Movie 798,"[{'id': 53, 'name': 'Thriller'}]"
107222252,121783564,64.84538762,175,8.470929562,Movie 799,"[{'id': 53, 'name': 'Thriller'}]"
188581132,480530703,29.53690614,105,7.651991579,Movie 800,"[{'id': 18, 'name': 'Drama'}]"
85729603,231431759,30.57950423,106,5.70423635,Movie 801,"[{'id': 35, 'name': 'Comedy'}]"
177707005,322287164,89.22880723,141,7.521660789,Movie 802,"[{'id': 12, 'name': 'Adventure'}]"
14832640,16476835,2.349768367,162,8.73383677,Movie 803,"[{'id': 12, 'name': 'Adventure'}]"
31061031,24300846,32.9499307,129,7.632537143,Movie 804,[]
197119899,141521969,55.88131144,121,8.054228003,Movie 805,[]
81197726,186567496,15.67352875,108,7.563639488,Movie 806,"[{'id': 27, 'name': 'Horror'}]"
96282726,149266803,10.11777667,118,4.009266555,Movie 807,"[{'id': 10749, 'name': 'Romance'}]"
88220897,243789599,81.71235678,139,8.001444658,Movie 808,"[{'id': 16, 'name': 'Animation'}]"
167261173,392926309,89.54603448,120,4.17065292,Movie 809,"[{'id': 18, 'name': 'Drama'}]"
96856757,94740538,82.53703566,112,8.355667968,Movie 810,"[{'id': 12, 'name': 'Adventure'}]"
82052418,166931012,89.98000108,162,5.751899388,Movie 811,"[{'id': 16, 'name': 'Animation'}]"
87601594,139178227,55.75808513,162,7.061860514,Movie 812,"[{'id': 28, 'name': 'Action'}]"
171430731,333111223,81.41355398,176,5.983445087,Movie 813,[]
17689088,41483968,39.0202212,95,3.563945576,Movie 814,"[{'id': 18, 'name': 'Drama'}]"
131883819,331752388,66.96051829,102,4.744333846,Movie 815,"[{'id': 18, 'name': 'Drama'}]"
112274973,292963950,98.89471761,86,8.902391124,Movie 816,"[{'id': 10749, 'name': 'Romance'}]"
8102173,9195457,23.34704466,105,8.76428851,Movie 817,"[{'id': 35, 'name': 'Comedy'}]"
180606266,104352313,39.60007488,175,4.922921386,Movie 818,"[{'id': 12, 'name': 'Adventure'}]"
123332984,289615056,48.52469035,91,8.977780825,Movie 819,"[{'id': 878, 'name': 'Science Fiction'}]"
118922192,91077668,14.66353321,151,8.073307173,Movie 820,"[{'id': 16, 'name': 'Animation'}]"
39720111,51131658,9.022822436,84,6.665756997,Movie 821,"[{'id': 10749, 'name': 'Romance'}]"
183733566,93620122,83.14256377,171,3.240747722,Movie 822,"[{'id': 53, 'name': 'Thriller'}]"
124620654,274685568,97.70264291,148,8.408680977,Movie 823,"[{'id': 16, 'name': 'Animation'}]"
196574678,180422142,41.06778132,128,6.344575676,Movie 824,"[{'id': 28, 'name': 'Action'}]"
23064334,49316297,9.677333783,105,8.210856907,Movie 825,"[{'id': 878, 'name': 'Science Fiction'}]"
149899044,446602697,7.515364308,84,8.006574719,Movie 826,"[{'id': 28, 'name': 'Action'}]"
62681549,42728581,89.24050243,101,7.998037291,Movie 827,"[{'id': 10749, 'name': 'Romance'}]"
72209537,50019187,46.91761072,158,7.189043164,Movie 828,[]
110367730,149101310,32.68270434,92,4.748490832,Movie 829,"[{'id': 16, 'name': 'Animation'}]"
121907878,325002292,48.16966585,107,5.016961546,Movie 830,"[{'id': 35, 'name': 'Comedy'}]"
49840101,51775126,32.51210537,112,4.850815275,Movie 831,[]
63468859,88916352,49.41454176,102,3.120275997,Movie 832,"[{'id': 35, 'name': 'Comedy'}]"
185523489,124535149,86.09608329,176,6.495413455,Movie 833,"[{'id': 16, 'name': 'Animation'}]"
164584805,396301814,59.63783574,97,7.193002023,Movie 834,"[{'id': 12, 'name': 'Adventure'}]"
196798321,299284167,69.77072351,109,8.123195961,Movie 835,"[{'id': 18, 'name': 'Drama'}]"
118758049,284796270,37.10239695,105,3.8409926,Movie 836,"[{'id': 10749, 'name': 'Romance'}]"
51011985,140743067,74.11208197,95,6.265098894,Movie 837,"[{'id': 53, 'name': 'Thriller'}]"
75062621,81210840,66.9950914,156,3.048048844,Movie 838,"[{'id': 12, 'name': 'Adventure'}]"
123415538,310820807,12.83663778,118,3.570561886,Movie 839,"[{'id': 28, 'name': 'Action'}]"
126235646,81767211,57.69164246,112,3.325270465,Movie 840,"[{'id': 28, 'name': 'Action'}]"
168061473,461684776,26.41760613,105,7.352868204,Movie 841,"[{'id': 35, 'name': 'Comedy'}]"
154568563,328755179,80.60547129,127,3.486357383,Movie 842,"[{'id': 10749, 'name': 'Romance'}]"
61084389,164046207,43.16783314,144,7.298717889,Movie 843,"[{'id': 10749, 'name': 'Romance'}]"
58597408,29326303,99.47373235,117,4.497748226,Movie 844,"[{'id': 53, 'name': 'Thriller'}]"
145538583,134288839,10.15754336,81,8.266277764,Movie 845,"[{'id': 35, 'name': 'Comedy'}]"
153347982,226096029,78.25443841,85,7.87889993,Movie 846,"[{'id': 12, 'name': 'Adventure'}]"
93525563,135495838,67.69647162,125,8.746981305,Movie 847,"[{'id': 878, 'name': 'Science Fiction'}]"
102370985,109212024,76.98238423,129,8.302572093,Movie 848,"[{'id': 27, 'name': 'Horror'}]"
44558992,64790104,31.44544975,117,8.599976515,Movie 849,[]
52628164,43266759,49.71339445,167,8.152454379,Movie 850,"[{'id': 53, 'name': 'Thriller'}]"
95804867,146763746,79.85434345,97,7.160291404,Movie 851,"[{'id': 12, 'name': 'Adventure'}]"
94831305,237636422,24.02159183,106,4.021554913,Movie 852,"[{'id': 27, 'name': 'Horror'}]"
128094160,217462273,23.37728648,120,4.630245113,Movie 853,"[{'id': 12, 'name': 'Adventure'}]"
82251088,44826861,55.55404438,151,4.276361797,Movie 854,"[{'id': 35, 'name': 'Comedy'}]"
36409403,56566016,52.83279437,171,6.621514726,Movie 855,"[{'id': 27, 'name': 'Horror'}]"
17045907,9681010,28.94398457,153,6.021719628,Movie 856,"[{'id': 53, 'name': 'Thriller'}]"
93924887,273848201,30.5094894,96,8.202479983,Movie 857,[]
197972612,162067289,28.50667116,141,8.716037199,Movie 858,"[{'id': 10749, 'name': 'Romance'}]"
183676001,416801404,77.37969414,108,5.429159338,Movie 859,"[{'id': 28, 'name': 'Action'}]"
150951937,442582144,65.53818569,137,6.03810332,Movie 860,"[{'id': 16, 'name': 'Animation'}]"
70800140,181609271,83.40930116,149,8.829098141,Movie 861,"[{'id': 878, 'name': 'Science Fiction'}]"
93903549,211122263,97.5718298,157,4.65743365,Movie 862,[]
37081386,96361628,47.94226533,101,7.754344652,Movie 863,"[{'id': 18, 'name': 'Drama'}]"
74658410,220578028,7.602694259,85,4.351439414,Movie 864,"[{'id': 16, 'name': 'Animation'}]"
125825546,258365299,5.761138731,105,7.088760693,Movie 865,"[{'id': 12, 'name': 'Adventure'}]"
58395058,110831602,30.27083889,118,4.521693766,Movie 866,"[{'id': 16, 'name': 'Animation'}]"
161045166,333459359,93.32191435,91,8.302400333,Movie 867,"[{'id': 12, 'name': 'Adventure'}]"
17663288,32353662,52.79809244,178,6.368867662,Movie 868,"[{'id': 10749, 'name': 'Romance'}]"
98148566,204906995,27.90686509,93,4.115601845,Movie 869,"[{'id': 10749, 'name': 'Romance'}]"
14081782,22877340,40.51751266,101,4.346215054,Movie 870,"[{'id': 16, 'name': 'Animation'}]"
96632207,101087720,60.26091563,130,5.963095174,Movie 871,"[{'id': 53, 'name': 'Thriller'}]"
116546206,93308998,65.64201616,102,8.769612153,Movie 872,"[{'id': 878, 'name': 'Science Fiction'}]"
109664778,73568872,16.23803147,127,7.617852983,Movie 873,"[{'id': 18, 'name': 'Drama'}]"
60387253,69945918,97.72613598,150,5.929857857,Movie 874,"[{'id': 18, 'name': 'Drama'}]"
44669391,27485474,54.93245047,129,5.026314867,Movie 875,"[{'id': 10749, 'name': 'Romance'}]"
69181511,132685084,14.43314346,168,6.29561096,Movie 876,"[{'id': 878, 'name': 'Science Fiction'}]"
39660995,47972794,89.46989008,92,7.490165001,Movie 877,[]
143452407,367429960,8.389204677,164,7.703571531,Movie 878,"[{'id': 27, 'name': 'Horror'}]"
158458712,108639638,90.86580788,89,4.947652789,Movie 879,"[{'id': 10749, 'name': 'Romance'}]"
94580482,100811324,99.65999997,134,7.326955609,Movie 880,"[{'id': 18, 'name': 'Drama'}]"
157601538,366520558,70.34274812,88,6.94673268,Movie 881,"[{'id': 28, 'name': 'Action'}]"
66438362,132678786,77.27427489,158,8.754673752,Movie 882,"[{'id': 27, 'name': 'Horror'}]"
183784092,121523220,34.39298081,131,8.586541743,Movie 883,"[{'id': 28, 'name': 'Action'}]"
153945311,414589908,94.21610842,81,7.736275954,Movie 884,"[{'id': 28, 'name': 'Action'}]"
170373756,458842831,53.44168264,104,7.340368133,Movie 885,"[{'id': 10749, 'name': 'Romance'}]"
21568697,28600523,73.50645621,92,4.644249538,Movie 886,"[{'id': 16, 'name': 'Animation'}]"
157118066,212268802,92.48666388,177,8.075791537,Movie 887,"[{'id': 10749, 'name': 'Romance'}]"
176529362,524746043,97.54281762,130,5.565034222,Movie 888,"[{'id': 53, 'name': 'Thriller'}]"
40902996,84482701,83.4872313,137,4.633443255,Movie 889,"[{'id': 10749, 'name': 'Romance'}]"
189699652,346826223,30.99873319,113,5.304964548,Movie 890,"[{'id': 10749, 'name': 'Romance'}]"
140941329,365796371,96.68820414,114,8.01561294,Movie 891,"[{'id': 28, 'name': 'Action'}]"
123794587,150190792,63.18383359,82,3.891799293,Movie 892,"[{'id': 35, 'name': 'Comedy'}]"
151835881,238831233,93.13360516,138,5.736952447,Movie 893,"[{'id': 878, 'name': 'Science Fiction'}]"
137600085,160915275,67.93439756,149,5.954145567,Movie 894,"[{'id': 18, 'name': 'Drama'}]"
113539028,280770902,31.41665722,127,3.219778186,Movie 895,"[{'id': 28, 'name': 'Action'}]"
148847812,287778395,37.63242789,143,4.174476177,Movie 896,[]
100981544,216813704,55.49670593,98,7.960454571,Movie 897,"[{'id': 28, 'name': 'Action'}]"
187794507,212352042,79.21146931,146,7.984604332,Movie 898,"[{'id': 18, 'name': 'Drama'}]"
81890201,86030835,32.48027258,161,4.754490503,Movie 899,"[{'id': 18, 'name': 'Drama'}]"
83537517,143762768,58.39338545,152,8.249383408,Movie 900,"[{'id': 12, 'name': 'Adventure'}]"
17099248,40079173,35.21687436,155,7.630697634,Movie 901,"[{'id': 18, 'name': 'Drama'}]"
15677069,28424084,81.76117106,84,5.507444903,Movie 902,"[{'id': 53, 'name': 'Thriller'}]"
76589337,44545445,47.20608128,146,7.490438066,Movie 903,"[{'id': 12, 'name': 'Adventure'}]"
13433196,35885154,8.595559858,90,8.768007787,Movie 904,"[{'id': 10749, 'name': 'Romance'}]"
40010202,26475440,17.43919963,173,5.753818308,Movie 905,"[{'id': 53, 'name': 'Thriller'}]"
169844360,490775674,7.049362094,147,4.430563074,Movie 906,"[{'id': 16, 'name': 'Animation'}]"
128949593,72579909,50.43099166,148,8.650899,Movie 907,"[{'id': 878, 'name': 'Science Fiction'}]"
188455534,421410345,11.52739244,80,6.622465731,Movie 908,[]
13457080,9494207,12.29985696,170,3.631590975,Movie 909,"[{'id': 12, 'name': 'Adventure'}]"
2222869,6172221,94.16377774,171,6.436096895,Movie 910,"[{'id': 12, 'name': 'Adventure'}]"
83716910,139060743,87.39285215,142,6.003485337,Movie 911,"[{'id': 28, 'name': 'Action'}]"
51066487,43090383,45.75657308,108,8.133533364,Movie 912,"[{'id': 16, 'name': 'Animation'}]"
138343082,187045276,98.59472676,161,6.184171139,Movie 913,"[{'id': 27, 'name': 'Horror'}]"
198020478,180606891,1.018466289,91,4.531394606,Movie 914,"[{'id': 12, 'name': 'Adventure'}]"
10818159,10022535,61.78396617,156,7.053864383,Movie 915,"[{'id': 28, 'name': 'Action'}]"
12145552,34861023,62.02638956,120,6.255452715,Movie 916,"[{'id': 27, 'name': 'Horror'}]"
116438617,187828912,46.28686253,81,4.39826777,Movie 917,"[{'id': 16, 'name': 'Animation'}]"
95562311,236230573,40.29784932,116,6.441767148,Movie 918,"[{'id': 35, 'name': 'Comedy'}]"
150370722,315630236,46.08293041,124,7.929213467,Movie 919,"[{'id': 12, 'name': 'Adventure'}]"
94842126,207805348,42.08108317,159,3.171425506,Movie 920,"[{'id': 35, 'name': 'Comedy'}]"
158155630,131147961,73.31875527,127,6.785106232,Movie 921,"[{'id': 53, 'name': 'Thriller'}]"
43758171,47497793,14.40018806,103,5.097511175,Movie 922,"[{'id': 16, 'name': 'Animation'}]"
135285389,333732257,20.56628284,178,4.756028675,Movie 923,"[{'id': 53, 'name': 'Thriller'}]"
108523287,317638492,18.87130461,101,5.355526502,Movie 924,"[{'id': 878, 'name': 'Science Fiction'}]"
142802881,165178536,26.98458793,179,5.052135985,Movie 925,"[{'id': 27, 'name': 'Horror'}]"
158553165,186921800,53.00058346,90,7.99343464,Movie 926,[]
98663674,165976258,12.00966599,137,4.648786865,Movie 927,[]
11466615,33936602,86.94876024,125,7.398918139,Movie 928,"[{'id': 12, 'name': 'Adventure'}]"
35861938,42044441,30.4387916,108,3.564358921,Movie 929,"[{'id': 35, 'name': 'Comedy'}]"
112023110,169987202,17.09126076,114,8.708378235,Movie 930,"[{'id': 12, 'name': 'Adventure'}]"
87787694,239546284,67.88650965,94,6.733899823,Movie 931,"[{'id': 28, 'name': 'Action'}]"
138184150,70101176,4.770543759,139,7.240311462,Movie 932,"[{'id': 35, 'name': 'Comedy'}]"
51154221,30662602,62.37688792,174,4.788235993,Movie 933,"[{'id': 878, 'name': 'Science Fiction'}]"
138926382,279266922,70.12164464,121,5.472579412,Movie 934,"[{'id': 28, 'name': 'Action'}]"
131876923,365094721,22.27673661,122,4.342670318,Movie 935,"[{'id': 16, 'name': 'Animation'}]"
192864812,211600018,5.154443271,159,8.595216515,Movie 936,"[{'id': 12, 'name': 'Adventure'}]"
43573305,72946263,37.00089053,153,5.928626683,Movie 937,"[{'id': 10749, 'name': 'Romance'}]"
179871077,292499735,10.76082879,128,6.782688694,Movie 938,"[{'id': 35, 'name': 'Comedy'}]"
141090082,237373956,12.53130712,143,7.405632183,Movie 939,"[{'id': 16, 'name': 'Animation'}]"
96192946,197801481,26.17186191,111,5.226636547,Movie 940,[]
182974207,306364584,30.25132454,143,7.320609927,Movie 941,"[{'id': 53, 'name': 'Thriller'}]"
83649048,135400234,53.46706376,81,7.055954939,Movie 942,"[{'id': 28, 'name': 'Action'}]"
10810404,18223325,68.16079666,103,7.233956003,Movie 943,"[{'id': 878, 'name': 'Science Fiction'}]"
87205129,172419243,59.68432315,166,5.935379401,Movie 944,"[{'id': 27, 'name': 'Horror'}]"
7292518,13436600,15.68767339,145,5.297624294,Movie 945,"[{'id': 18, 'name': 'Drama'}]"
42142200,111059025,18.03651721,117,4.332493129,Movie 946,"[{'id': 18, 'name': 'Drama'}]"
122160976,76196947,87.99815573,110,7.947758117,Movie 947,"[{'id': 878, 'name': 'Science Fiction'}]"
103855910,268290211,56.27687919,105,6.650100279,Movie 948,[]
115694229,301940132,87.12384546,108,5.666113177,Movie 949,"[{'id': 10749, 'name': 'Romance'}]"
65413145,79298396,37.78310462,146,8.66397544,Movie 950,[]
152765117,253151641,61.82560074,157,3.287032875,Movie 951,"[{'id': 18, 'name': 'Drama'}]"
197350488,315039705,52.84267819,104,8.101031671,Movie 952,"[{'id': 28, 'name': 'Action'}]"
67689168,70821456,32.59322549,127,8.985495558,Movie 953,"[{'id': 53, 'name': 'Thriller'}]"
131682380,196469073,47.52162183,144,8.321652665,Movie 954,"[{'id': 18, 'name': 'Drama'}]"
134541075,82200483,50.74659681,132,7.862619514,Movie 955,"[{'id': 35, 'name': 'Comedy'}]"
157637208,188306343,20.8763265,146,5.24583596,Movie 956,"[{'id': 16, 'name': 'Animation'}]"
183984073,467633318,32.18602687,169,4.387885094,Movie 957,"[{'id': 10749, 'name': 'Romance'}]"
169239170,205017304,79.3495653,97,7.409103123,Movie 958,"[{'id': 35, 'name': 'Comedy'}]"
103318312,262998485,91.66303571,88,4.827452198,Movie 959,[]
181741265,332404530,36.61961526,117,4.056238093,Movie 960,"[{'id': 35, 'name': 'Comedy'}]"
105884334,285851351,31.39025594,166,7.719155323,Movie 961,"[{'id': 10749, 'name': 'Romance'}]"
94198563,182457801,20.32451929,100,4.875261913,Movie 962,"[{'id': 35, 'name': 'Comedy'}]"
160371374,92080521,68.1706257,144,8.486650377,Movie 963,"[{'id': 16, 'name': 'Animation'}]"
105544289,230989008,32.98687046,100,8.043795869,Movie 964,"[{'id': 12, 'name': 'Adventure'}]"
104231399,63803574,98.78720437,106,8.085841977,Movie 965,"[{'id': 878, 'name': 'Science Fiction'}]"
9411883,15308357,33.2427954,149,7.629418356,Movie 966,"[{'id': 53, 'name': 'Thriller'}]"
12082322,34115242,40.01946863,123,8.285288543,Movie 967,"[{'id': 10749, 'name': 'Romance'}]"
17203305,15706786,60.73008542,179,7.834481353,Movie 968,"[{'id': 35, 'name': 'Comedy'}]"
146066408,215401339,80.36674503,107,6.615068181,Movie 969,"[{'id': 27, 'name': 'Horror'}]"
108145828,251401282,47.48234787,124,4.774936311,Movie 970,"[{'id': 28, 'name': 'Action'}]"
106859763,289124732,42.84294735,96,8.329255159,Movie 971,"[{'id': 27, 'name': 'Horror'}]"
90838873,197788702,99.56814553,119,8.043621737,Movie 972,"[{'id': 35, 'name': 'Comedy'}]"
194510719,222799022,2.038870473,82,5.837275933,Movie 973,"[{'id': 28, 'name': 'Action'}]"
36555041,79928314,89.6114636,155,3.234472116,Movie 974,"[{'id': 12, 'name': 'Adventure'}]"
188246519,233768123,15.76494177,155,6.831262364,Movie 975,"[{'id': 10749, 'name': 'Romance'}]"
77658629,178309887,78.80660234,145,3.303581122,Movie 976,"[{'id': 10749, 'name': 'Romance'}]"
186863908,539117850,62.17522442,125,8.557679771,Movie 977,"[{'id': 16, 'name': 'Animation'}]"
33359860,76843891,34.84288126,165,8.76978754,Movie 978,"[{'id': 53, 'name': 'Thriller'}]"
169716949,450972090,87.5136206,166,4.136940875,Movie 979,"[{'id': 18, 'name': 'Drama'}]"
163490644,82605218,2.27781557,109,7.058336268,Movie 980,"[{'id': 878, 'name': 'Science Fiction'}]"
120654085,276772062,23.44237456,148,3.553614027,Movie 981,"[{'id': 12, 'name': 'Adventure'}]"
154250307,397035491,57.12238683,88,7.377101571,Movie 982,"[{'id': 28, 'name': 'Action'}]"
165572509,99574784,35.80268374,164,5.083725997,Movie 983,"[{'id': 12, 'name': 'Adventure'}]"
110039037,294793954,61.42737204,90,7.08630067,Movie 984,"[{'id': 16, 'name': 'Animation'}]"
151732605,173238512,3.386909147,148,5.237259055,Movie 985,"[{'id': 10749, 'name': 'Romance'}]"
94481782,204385849,12.52943412,178,3.873405059,Movie 986,"[{'id': 53, 'name': 'Thriller'}]"
129050312,322740273,13.58252778,170,5.436659883,Movie 987,"[{'id': 28, 'name': 'Action'}]"
77165878,166420661,19.73908095,145,3.67604116,Movie 988,"[{'id': 12, 'name': 'Adventure'}]"
106275634,77656878,46.47381264,167,6.46129965,Movie 989,"[{'id': 10749, 'name': 'Romance'}]"
79350878,157972029,75.46074125,110,3.245709193,Movie 990,"[{'id': 10749, 'name': 'Romance'}]"
153028199,286768592,90.64834495,112,6.163918078,Movie 991,"[{'id': 27, 'name': 'Horror'}]"
41636644,114534212,83.7018805,118,8.318211883,Movie 992,"[{'id': 18, 'name': 'Drama'}]"
193752163,292681886,20.49189931,173,8.027239621,Movie 993,"[{'id': 12, 'name': 'Adventure'}]"
93815365,122213533,44.67390467,125,8.296690198,Movie 994,"[{'id': 878, 'name': 'Science Fiction'}]"
99164033,235477581,20.74174818,116,8.532292813,Movie 995,"[{'id': 12, 'name': 'Adventure'}]"
58975251,90331702,27.18270985,171,3.627167327,Movie 996,"[{'id': 18, 'name': 'Drama'}]"
138311963,292563057,50.85115117,139,3.772483217,Movie 997,"[{'id': 878, 'name': 'Science Fiction'}]"
183087754,387436614,7.742793448,110,6.342040838,Movie 998,"[{'id': 18, 'name': 'Drama'}]"
23763342,64638610,22.59925863,90,8.363836011,Movie 999,"[{'id': 28, 'name': 'Action'}]"
20636869,41206276,93.60243797,166,8.846096739,Movie 1000,"[{'id': 16, 'name': 'Animation'}]"
162349749,284986155,47.14551297,81,3.277571504,Movie 1001,"[{'id': 53, 'name': 'Thriller'}]"
34942384,29602430,45.09326607,106,5.134644505,Movie 1002,"[{'id': 18, 'name': 'Drama'}]"
198085687,156357751,2.44214832,178,4.277365528,Movie 1003,"[{'id': 27, 'name': 'Horror'}]"
153025061,135550197,25.49257496,81,7.535795094,Movie 1004,"[{'id': 878, 'name': 'Science Fiction'}]"
188446194,175183577,86.76295116,100,6.841163211,Movie 1005,"[{'id': 10749, 'name': 'Romance'}]"
36912253,77319828,17.2982144,137,3.719328189,Movie 1006,[]
133960449,315135676,42.09736901,84,5.901132404,Movie 1007,"[{'id': 27, 'name': 'Horror'}]"
151481610,276450727,2.418759681,131,7.112643134,Movie 1008,"[{'id': 878, 'name': 'Science Fiction'}]"
40138695,103258572,48.35521269,124,7.674032364,Movie 1009,"[{'id': 16, 'name': 'Animation'}]"
169016921,503359106,3.081089566,164,3.120316259,Movie 1010,"[{'id': 18, 'name': 'Drama'}]"
129759218,330890102,82.14134575,172,8.342817444,Movie 1011,"[{'id': 10749, 'name': 'Romance'}]"
113023724,252857346,82.66052298,99,6.415688298,Movie 1012,"[{'id': 16, 'name': 'Animation'}]"
84721515,155144728,78.98647664,140,7.87145469,Movie 1013,"[{'id': 16, 'name': 'Animation'}]"
76495044,124085110,29.05304282,117,7.84762818,Movie 1014,"[{'id': 12, 'name': 'Adventure'}]"
131971033,93828890,83.8864846,99,4.139115962,Movie 1015,"[{'id': 18, 'name': 'Drama'}]"
49014453,73444328,54.75681513,104,3.661032722,Movie 1016,"[{'id': 35, 'name': 'Comedy'}]"
101727619,282328383,38.00700278,81,7.327723614,Movie 1017,"[{'id': 16, 'name': 'Animation'}]"
52569363,132477768,62.90766601,111,3.938561513,Movie 1018,"[{'id': 878, 'name': 'Science Fiction'}]"
33686304,35038081,2.22176356,105,8.099624948,Movie 1019,"[{'id': 878, 'name': 'Science Fiction'}]"
129161931,215250871,15.15312688,149,7.357136903,Movie 1020,"[{'id': 35, 'name': 'Comedy'}]"
85740096,217934862,74.48706028,120,8.050952186,Movie 1021,[]
77362381,51713764,25.17199926,146,4.794076078,Movie 1022,"[{'id': 12, 'name': 'Adventure'}]"
166916991,245114507,60.20290262,176,4.899588362,Movie 1023,"[{'id': 18, 'name': 'Drama'}]"
107472997,282611325,39.12515768,80,7.027329338,Movie 1024,"[{'id': 16, 'name': 'Animation'}]"
81480036,123014049,85.6257721,130,3.18867573,Movie 1025,"[{'id': 10749, 'name': 'Romance'}]"
27216317,18889120,95.28911529,84,7.358980478,Movie 1026,"[{'id': 16, 'name': 'Animation'}]"
127111882,235962352,88.47290811,92,8.014698425,Movie 1027,"[{'id': 878, 'name': 'Science Fiction'}]"
188432803,500167785,27.79137947,98,5.49098152,Movie 1028,"[{'id': 28, 'name': 'Action'}]"
35970444,71067304,20.22212404,91,7.589272981,Movie 1029,"[{'id': 28, 'name': 'Action'}]"
140970538,150231988,47.96905447,127,4.047665502,Movie 1030,"[{'id': 27, 'name': 'Horror'}]"
135789378,198333836,1.726080933,104,4.933562363,Movie 1031,"[{'id': 53, 'name': 'Thriller'}]"
104527089,169888756,3.555129893,136,8.845829779,Movie 1032,"[{'id': 10749, 'name': 'Romance'}]"
73017911,142251003,55.77577332,114,8.917969041,Movie 1033,"[{'id': 27, 'name': 'Horror'}]"
41435721,99378503,52.52449101,155,6.075630318,Movie 1034,"[{'id': 18, 'name': 'Drama'}]"
4757974,3555082,99.46361691,173,8.605618749,Movie 1035,"[{'id': 16, 'name': 'Animation'}]"
62119361,169221220,20.9823417,84,6.136384068,Movie 1036,"[{'id': 35, 'name': 'Comedy'}]"
43321932,22994166,26.55228899,177,4.749528769,Movie 1037,"[{'id': 53, 'name': 'Thriller'}]"
109955219,156700573,12.24052359,101,4.601395729,Movie 1038,"[{'id': 28, 'name': 'Action'}]"
20931456,11900595,91.83675796,156,8.577034232,Movie 1039,"[{'id': 27, 'name': 'Horror'}]"
60376958,89504949,78.0033132,136,4.034678334,Movie 1040,"[{'id': 878, 'name': 'Science Fiction'}]"
12643208,22941499,82.41157203,126,6.477794749,Movie 1041,[]
44928336,79936651,90.37361501,133,6.333150408,Movie 1042,"[{'id': 878, 'name': 'Science Fiction'}]"
143329802,131013596,52.96509869,82,7.437730108,Movie 1043,"[{'id': 10749, 'name': 'Romance'}]"
154185166,326001602,45.66812595,132,5.995457445,Movie 1044,"[{'id': 53, 'name': 'Thriller'}]"
147356119,90174006,33.70875589,163,4.633713964,Movie 1045,"[{'id': 16, 'name': 'Animation'}]"
188268645,452742234,59.33224682,110,4.016378998,Movie 1046,"[{'id': 27, 'name': 'Horror'}]"
159230518,456451967,45.97356128,148,6.724912821,Movie 1047,"[{'id': 16, 'name': 'Animation'}]"
191221730,258038822,45.70499307,167,7.313944541,Movie 1048,"[{'id': 12, 'name': 'Adventure'}]"
157200541,281876047,93.75585851,112,6.417127672,Movie 1049,"[{'id': 10749, 'name': 'Romance'}]"
190834334,276189893,98.41911991,151,7.430107663,Movie 1050,"[{'id': 10749, 'name': 'Romance'}]"
165185668,85363984,79.85195454,167,3.849127215,Movie 1051,"[{'id': 27, 'name': 'Horror'}]"
78822269,115449894,75.91905093,129,8.29482117,Movie 1052,"[{'id': 12, 'name': 'Adventure'}]"
119227179,295600022,68.37525802,163,6.49437305,Movie 1053,"[{'id': 18, 'name': 'Drama'}]"
144959985,288466326,17.44141038,95,3.761063561,Movie 1054,"[{'id': 12, 'name': 'Adventure'}]"
187261879,141036244,6.851476267,155,5.771551225,Movie 1055,"[{'id': 18, 'name': 'Drama'}]"
4609736,12067591,69.3819052,156,8.068750427,Movie 1056,"[{'id': 10749, 'name': 'Romance'}]"
76169697,139216373,73.149836,118,8.385373161,Movie 1057,[]
19161634,49902804,5.650326119,168,4.58789703,Movie 1058,"[{'id': 18, 'name': 'Drama'}]"
18163810,35429488,92.87712327,125,7.267594948,Movie 1059,"[{'id': 28, 'name': 'Action'}]"
147443583,280027965,10.02292331,175,3.599911485,Movie 1060,"[{'id': 12, 'name': 'Adventure'}]"
52424149,40007382,29.30415284,167,3.201275228,Movie 1061,"[{'id': 35, 'name': 'Comedy'}]"
126966143,116605621,67.56659147,126,6.362393723,Movie 1062,"[{'id': 35, 'name': 'Comedy'}]"
136353692,399524927,17.81738685,123,7.168965476,Movie 1063,"[{'id': 27, 'name': 'Horror'}]"
64446855,69036558,6.486172956,88,7.774720387,Movie 1064,[]
67318090,198159569,33.78350243,166,5.041297431,Movie 1065,"[{'id': 18, 'name': 'Drama'}]"
195421608,357578895,76.83118591,129,3.039152463,Movie 1066,"[{'id': 27, 'name': 'Horror'}]"
3155748,2649164,41.95418922,156,5.877115423,Movie 1067,"[{'id': 28, 'name': 'Action'}]"
61676365,46149679,65.64431927,139,3.095121272,Movie 1068,"[{'id': 28, 'name': 'Action'}]"
167026013,170727338,58.38229063,175,3.551907064,Movie 1069,[]
55256930,155498157,3.199629721,94,4.960134135,Movie 1070,"[{'id': 35, 'name': 'Comedy'}]"
169645332,260469296,98.86545872,115,5.623032297,Movie 1071,"[{'id': 16, 'name': 'Animation'}]"
9910852,14753152,5.101380793,142,4.676816647,Movie 1072,"[{'id': 16, 'name': 'Animation'}]"
173645754,222790220,96.81247103,148,6.491191599,Movie 1073,"[{'id': 878, 'name': 'Science Fiction'}]"
38617741,33506861,55.43655366,165,3.332098735,Movie 1074,"[{'id': 28, 'name': 'Action'}]"
100065241,172074989,96.35274368,159,3.867478261,Movie 1075,"[{'id': 18, 'name': 'Drama'}]"
142158973,117298134,12.36060634,120,7.171550405,Movie 1076,"[{'id': 18, 'name': 'Drama'}]"
199987907,517708813,49.5504434,153,3.852845122,Movie 1077,"[{'id': 16, 'name': 'Animation'}]"
16876696,24066041,17.78090509,103,6.838651209,Movie 1078,"[{'id': 35, 'name': 'Comedy'}]"
10451244,15018530,6.046512825,161,3.328107725,Movie 1079,"[{'id': 27, 'name': 'Horror'}]"
111838825,188450217,62.13538239,128,5.444293675,Movie 1080,"[{'id': 16, 'name': 'Animation'}]"
75926168,122265372,21.57055868,97,4.064456821,Movie 1081,"[{'id': 27, 'name': 'Horror'}]"
18606951,55581659,59.18200481,86,3.657817695,Movie 1082,"[{'id': 12, 'name': 'Adventure'}]"
63056263,117502370,12.12408371,83,6.402196701,Movie 1083,"[{'id': 16, 'name': 'Animation'}]"
8021862,5779785,33.86666067,169,8.570014632,Movie 1084,"[{'id': 53, 'name': 'Thriller'}]"
113882279,229722576,78.38162325,148,3.328722288,Movie 1085,[]
9351245,8219377,44.26810066,139,5.529325489,Movie 1086,"[{'id': 35, 'name': 'Comedy'}]"
106945887,61744578,63.14679607,134,7.245212626,Movie 1087,"[{'id': 35, 'name': 'Comedy'}]"
109146354,319455593,65.09833613,95,5.77612699,Movie 1088,"[{'id': 12, 'name': 'Adventure'}]"
171858336,418276934,84.53174935,178,7.838975677,Movie 1089,"[{'id': 16, 'name': 'Animation'}]"
6345854,18721998,33.16735665,169,4.077871895,Movie 1090,"[{'id': 10749, 'name': 'Romance'}]"
12683982,21495495,69.0422607,161,8.75756523,Movie 1091,"[{'id': 18, 'name': 'Drama'}]"
65365536,119661015,96.1999649,108,5.310975767,Movie 1092,"[{'id': 27, 'name': 'Horror'}]"
193039576,177759024,73.2940901,102,5.049417798,Movie 1093,"[{'id': 28, 'name': 'Action'}]"
185092816,206798385,49.4971772,93,8.247634767,Movie 1094,"[{'id': 18, 'name': 'Drama'}]"
106546976,276635695,63.441027,158,6.383202191,Movie 1095,"[{'id': 53, 'name': 'Thriller'}]"
71790126,99821594,74.22860688,128,6.098666051,Movie 1096,"[{'id': 878, 'name': 'Science Fiction'}]"
39187510,100595805,61.6153008,112,7.361867517,Movie 1097,"[{'id': 35, 'name': 'Comedy'}]"
137826817,313216170,2.650905535,104,6.47900543,Movie 1098,"[{'id': 878, 'name': 'Science Fiction'}]"
188058125,177325142,20.28257627,100,3.975093869,Movie 1099,"[{'id': 878, 'name': 'Science Fiction'}]"
18691444,33057985,81.2363535,96,7.045185737,Movie 1100,"[{'id': 878, 'name': 'Science Fiction'}]"
136171687,298688279,27.99241408,102,3.800813276,Movie 1101,[]
179350183,195060010,73.42464984,136,7.835146232,Movie 1102,"[{'id': 27, 'name': 'Horror'}]"
185036390,476787203,37.83990131,160,8.938419586,Movie 1103,"[{'id': 35, 'name': 'Comedy'}]"
11016389,20513278,52.66654849,137,5.26432575,Movie 1104,[]
88255618,80586657,7.729356682,93,5.668535389,Movie 1105,"[{'id': 12, 'name': 'Adventure'}]"
12630982,24724655,18.94133054,172,3.278601933,Movie 1106,"[{'id': 10749, 'name': 'Romance'}]"
185894642,557550920,95.76249939,99,3.082399128,Movie 1107,"[{'id': 16, 'name': 'Animation'}]"
97231367,85204209,89.12366729,109,8.528516009,Movie 1108,"[{'id': 53, 'name': 'Thriller'}]"
27704425,70421665,65.57523598,98,3.771744363,Movie 1109,"[{'id': 10749, 'name': 'Romance'}]"
62298111,63436453,46.50481514,132,5.674672485,Movie 1110,"[{'id': 10749, 'name': 'Romance'}]"
180232243,442645130,67.900368,135,7.892127743,Movie 1111,"[{'id': 878, 'name': 'Science Fiction'}]"
190086734,444127162,62.24241862,156,8.33591256,Movie 1112,"[{'id': 27, 'name': 'Horror'}]"
16586926,20753951,57.2866733,161,6.116386112,Movie 1113,"[{'id': 10749, 'name': 'Romance'}]"
144714291,190235299,6.858530114,102,6.39019515,Movie 1114,"[{'id': 53, 'name': 'Thriller'}]"
82143014,203821746,63.64745846,141,7.018103835,Movie 1115,"[{'id': 878, 'name': 'Science Fiction'}]"
46745050,77298258,77.12308441,112,8.768294821,Movie 1116,"[{'id': 12, 'name': 'Adventure'}]"
166773731,388089988,99.41408381,97,6.616019766,Movie 1117,"[{'id': 27, 'name': 'Horror'}]"
115567717,100539333,2.096776707,152,6.356851557,Movie 1118,"[{'id': 28, 'name': 'Action'}]"
11321336,29790900,73.28717188,112,3.087204812,Movie 1119,"[{'id': 35, 'name': 'Comedy'}]"
84667964,192806886,57.60714228,111,3.485698212,Movie 1120,"[{'id': 878, 'name': 'Science Fiction'}]"
123715546,342365084,43.97116543,140,6.46302976,Movie 1121,"[{'id': 10749, 'name': 'Romance'}]"
78859104,65526470,13.62944728,133,8.617442327,Movie 1122,"[{'id': 18, 'name': 'Drama'}]"
145020733,287508860,41.49942971,96,8.20014809,Movie 1123,"[{'id': 18, 'name': 'Drama'}]"
74205955,148248765,36.08334112,98,8.895473538,Movie 1124,[]
32738453,45298621,30.98015901,170,6.167004225,Movie 1125,"[{'id': 28, 'name': 'Action'}]"
115091841,189460282,73.35708271,149,7.727585631,Movie 1126,[]
54509641,32430723,70.37182661,178,8.042401989,Movie 1127,"[{'id': 28, 'name': 'Action'}]"
8583354,20296628,59.31298901,113,6.888189944,Movie 1128,[]
20908425,39167882,93.92781652,163,5.032499425,Movie 1129,"[{'id': 53, 'name': 'Thriller'}]"
128052640,82511055,35.63558403,104,5.819870608,Movie 1130,"[{'id': 878, 'name': 'Science Fiction'}]"
174585525,384418074,25.13639183,147,8.147502433,Movie 1131,"[{'id': 10749, 'name': 'Romance'}]"
38612325,64365015,65.934428,153,4.791287556,Movie 1132,"[{'id': 12, 'name': 'Adventure'}]"
157686220,92428274,20.68259203,153,8.542458788,Movie 1133,"[{'id': 878, 'name': 'Science Fiction'}]"
17413486,50917369,32.18604021,167,4.378838049,Movie 1134,"[{'id': 35, 'name': 'Comedy'}]"
146823971,421793019,23.23564157,164,7.497098491,Movie 1135,"[{'id': 53, 'name': 'Thriller'}]"
84752812,151051211,7.846203204,90,6.783355406,Movie 1136,"[{'id': 28, 'name': 'Action'}]"
11688727,8581641,82.92237542,170,7.497596647,Movie 1137,"[{'id': 28, 'name': 'Action'}]"
179060211,427336693,26.19951375,95,5.624085435,Movie 1138,"[{'id': 12, 'name': 'Adventure'}]"
96723191,167314459,47.82972283,169,8.595846375,Movie 1139,"[{'id': 35, 'name': 'Comedy'}]"
10828366,13601712,5.288212052,140,6.794833214,Movie 1140,"[{'id': 35, 'name': 'Comedy'}]"
172200135,297655758,70.23460716,173,4.729774827,Movie 1141,[]
108019524,195095181,33.72553923,159,6.830730424,Movie 1142,"[{'id': 10749, 'name': 'Romance'}]"
180320878,343832108,74.72893606,86,4.720894483,Movie 1143,"[{'id': 53, 'name': 'Thriller'}]"
146836355,235387382,41.82790299,95,4.761794351,Movie 1144,"[{'id': 10749, 'name': 'Romance'}]"
150261131,302684257,20.37980503,178,5.39759107,Movie 1145,"[{'id': 35, 'name': 'Comedy'}]"
94982380,265650213,51.80433315,95,8.114582505,Movie 1146,"[{'id': 28, 'name': 'Action'}]"
140743361,197838750,13.9199514,119,6.001787246,Movie 1147,"[{'id': 53, 'name': 'Thriller'}]"
53411802,123610461,44.61337683,91,7.073405053,Movie 1148,"[{'id': 28, 'name': 'Action'}]"
70353566,192496600,32.41324226,114,5.351806442,Movie 1149,"[{'id': 53, 'name': 'Thriller'}]"
155372722,254803214,91.28399884,100,4.581632639,Movie 1150,[]
28695858,46161293,7.03194345,129,8.727840964,Movie 1151,[]
13920739,27915153,69.707724,122,6.621487483,Movie 1152,"[{'id': 18, 'name': 'Drama'}]"
184500067,365036500,19.09236543,179,8.603708031,Movie 1153,"[{'id': 18, 'name': 'Drama'}]"
124175705,312484853,32.58546236,96,4.220478013,Movie 1154,"[{'id': 35, 'name': 'Comedy'}]"
8726890,14758990,42.13589224,111,3.881364983,Movie 1155,"[{'id': 18, 'name': 'Drama'}]"
157892442,472146933,90.89349385,120,8.134937443,Movie 1156,"[{'id': 878, 'name': 'Science Fiction'}]"
143575684,93134519,25.01524834,85,7.085503276,Movie 1157,"[{'id': 12, 'name': 'Adventure'}]"
62413011,31700792,10.03957145,167,4.119470996,Movie 1158,[]
93663037,196738813,32.5502708,106,4.616158204,Movie 1159,[]
144669065,180270281,11.36292108,99,7.803983649,Movie 1160,"[{'id': 28, 'name': 'Action'}]"
129953191,143072741,13.73105211,104,5.72321172,Movie 1161,"[{'id': 35, 'name': 'Comedy'}]"
90729573,116110962,57.8112092,145,7.023243039,Movie 1162,"[{'id': 12, 'name': 'Adventure'}]"
172158661,196281345,7.029291377,88,4.910112133,Movie 1163,"[{'id': 53, 'name': 'Thriller'}]"
112030983,64639090,4.062157258,171,5.287379717,Movie 1164,"[{'id': 28, 'name': 'Action'}]"
106251630,311193238,71.72699605,132,8.944275352,Movie 1165,"[{'id': 27, 'name': 'Horror'}]"
163906457,172407255,36.80306239,140,4.485702523,Movie 1166,"[{'id': 18, 'name': 'Drama'}]"
43019117,100452839,13.41215957,117,6.038738262,Movie 1167,"[{'id': 28, 'name': 'Action'}]"
122768331,295440882,26.10766432,82,8.066414059,Movie 1168,"[{'id': 28, 'name': 'Action'}]"
159279897,449670005,64.56656423,163,4.435339282,Movie 1169,"[{'id': 878, 'name': 'Science Fiction'}]"
102918860,59319718,28.27812015,149,5.49128254,Movie 1170,"[{'id': 12, 'name': 'Adventure'}]"
61628583,165172050,49.95759139,176,6.690547724,Movie 1171,[]
26291709,47800047,13.04783537,134,5.887128909,Movie 1172,"[{'id': 28, 'name': 'Action'}]"
165474065,344411145,59.22127012,80,5.757013599,Movie 1173,"[{'id': 35, 'name': 'Comedy'}]"
26836512,56656591,32.2916907,149,5.175058388,Movie 1174,"[{'id': 18, 'name': 'Drama'}]"
78782638,200855903,63.06987502,124,6.519877967,Movie 1175,"[{'id': 12, 'name': 'Adventure'}]"
166766759,222386525,81.03109335,177,6.746236188,Movie 1176,"[{'id': 28, 'name': 'Action'}]"
131837162,307527052,61.55299552,126,6.919737245,Movie 1177,"[{'id': 18, 'name': 'Drama'}]"
171564587,312495506,30.2790087,158,3.422208647,Movie 1178,"[{'id': 878, 'name': 'Science Fiction'}]"
12309411,30570238,26.31862645,105,6.786205054,Movie 1179,"[{'id': 10749, 'name': 'Romance'}]"
188907055,562256362,33.41467491,93,8.719423073,Movie 1180,"[{'id': 18, 'name': 'Drama'}]"
40302467,40368061,17.29743081,133,6.245917413,Movie 1181,"[{'id': 27, 'name': 'Horror'}]"
173162180,517169907,18.93601323,150,7.291602495,Movie 1182,"[{'id': 10749, 'name': 'Romance'}]"
99881316,72367048,79.27841909,125,6.340393847,Movie 1183,"[{'id': 27, 'name': 'Horror'}]"
85776775,43385366,39.08852507,110,8.128443712,Movie 1184,"[{'id': 53, 'name': 'Thriller'}]"
114246334,69736515,44.16352288,167,8.577498568,Movie 1185,"[{'id': 35, 'name': 'Comedy'}]"
119279273,161558528,59.81089709,138,4.105319396,Movie 1186,"[{'id': 35, 'name': 'Comedy'}]"
92253744,192096818,59.37569602,174,5.621160219,Movie 1187,"[{'id': 878, 'name': 'Science Fiction'}]"
60220571,40502781,7.670310281,108,5.354292606,Movie 1188,"[{'id': 28, 'name': 'Action'}]"
190902201,98155141,83.32253785,175,5.43129074,Movie 1189,"[{'id': 10749, 'name': 'Romance'}]"
28580296,81245995,18.55532877,96,3.753145087,Movie 1190,"[{'id': 878, 'name': 'Science Fiction'}]"
64655986,165184185,72.58409197,93,7.881694356,Movie 1191,"[{'id': 27, 'name': 'Horror'}]"
180301837,454893949,77.49442782,115,3.214597458,Movie 1192,"[{'id': 27, 'name': 'Horror'}]"
120999784,328037757,71.77505388,137,6.169359646,Movie 1193,"[{'id': 10749, 'name': 'Romance'}]"
154271050,347123080,58.31878701,103,6.971270328,Movie 1194,"[{'id': 27, 'name': 'Horror'}]"
58292182,44360952,2.446290714,142,4.244816628,Movie 1195,[]
175034265,262157652,36.67717374,170,8.435101153,Movie 1196,"[{'id': 12, 'name': 'Adventure'}]"
114378925,263972114,60.87910351,104,8.031295242,Movie 1197,"[{'id': 28, 'name': 'Action'}]"
108334614,130092121,39.3576783,138,5.826502377,Movie 1198,"[{'id': 35, 'name': 'Comedy'}]"
197889400,439020782,86.4845096,111,5.466893594,Movie 1199,"[{'id': 18, 'name': 'Drama'}]"
85380672,47919570,31.57142526,161,4.419407551,Movie 1200,"[{'id': 18, 'name': 'Drama'}]"
81908854,103642823,30.05994445,97,7.379959348,Movie 1201,"[{'id': 53, 'name': 'Thriller'}]"
172350386,322782256,27.33377162,116,3.790462798,Movie 1202,"[{'id': 53, 'name': 'Thriller'}]"
124589543,259174228,33.94530603,105,7.081426523,Movie 1203,"[{'id': 12, 'name': 'Adventure'}]"
195967438,380686670,56.18309147,88,8.054741917,Movie 1204,"[{'id': 18, 'name': 'Drama'}]"
104090836,233620503,70.99451413,178,4.370829456,Movie 1205,"[{'id': 53, 'name': 'Thriller'}]"
19492846,10043140,66.59422386,143,8.198564417,Movie 1206,"[{'id': 16, 'name': 'Animation'}]"
98483912,74094666,80.96406418,151,3.199939197,Movie 1207,"[{'id': 16, 'name': 'Animation'}]"
78652169,210186959,88.70548555,99,8.476724312,Movie 1208,"[{'id': 35, 'name': 'Comedy'}]"
163306360,359987903,81.79182519,133,3.710173367,Movie 1209,"[{'id': 10749, 'name': 'Romance'}]"
20894388,16346287,2.875594934,165,6.874555068,Movie 1210,[]
178045145,463840735,73.8558774,162,4.500494813,Movie 1211,"[{'id': 12, 'name': 'Adventure'}]"
91190760,100818502,21.63155779,109,8.019314347,Movie 1212,"[{'id': 18, 'name': 'Drama'}]"
100508798,170427714,14.15987623,132,6.073802165,Movie 1213,"[{'id': 53, 'name': 'Thriller'}]"
170670899,147287497,64.2103897,171,3.811447147,Movie 1214,"[{'id': 18, 'name': 'Drama'}]"
161612888,367713786,32.65457635,178,6.425949428,Movie 1215,"[{'id': 28, 'name': 'Action'}]"
193653386,419673234,6.654599174,142,5.447295661,Movie 1216,"[{'id': 10749, 'name': 'Romance'}]"
146367425,150433684,14.62534371,90,6.9686869,Movie 1217,"[{'id': 35, 'name': 'Comedy'}]"
122118598,324652526,1.09201227,110,8.291419709,Movie 1218,[]
148975377,223949479,90.41913911,128,5.456334787,Movie 1219,"[{'id': 16, 'name': 'Animation'}]"
187130906,230411988,3.4371804,179,4.739284077,Movie 1220,[]
187636634,165274845,21.73612118,173,3.087090567,Movie 1221,"[{'id': 27, 'name': 'Horror'}]"
64213072,74835200,42.21001529,166,6.449034227,Movie 1222,"[{'id': 53, 'name': 'Thriller'}]"
106519743,59125626,36.30056127,98,5.413648605,Movie 1223,"[{'id': 12, 'name': 'Adventure'}]"
160364010,314015780,91.26086181,91,5.247895314,Movie 1224,"[{'id': 28, 'name': 'Action'}]"
142075386,370188338,4.988605628,94,4.097611928,Movie 1225,"[{'id': 28, 'name': 'Action'}]"
65164715,122017743,51.70925606,110,5.580332071,Movie 1226,"[{'id': 12, 'name': 'Adventure'}]"
163132730,170993265,68.36746679,122,8.906651722,Movie 1227,[]
69105394,40369501,93.23809939,116,4.786524922,Movie 1228,"[{'id': 12, 'name': 'Adventure'}]"
65991256,68404568,62.41675396,158,6.59822648,Movie 1229,"[{'id': 10749, 'name': 'Romance'}]"
175003379,269558329,80.57176837,108,7.658921288,Movie 1230,"[{'id': 16, 'name': 'Animation'}]"
189658373,454995855,9.288768847,105,7.494946939,Movie 1231,"[{'id': 27, 'name': 'Horror'}]"
146509876,142057020,39.20801158,81,4.972645725,Movie 1232,"[{'id': 53, 'name': 'Thriller'}]"
172136855,395825020,38.02076631,163,6.665160501,Movie 1233,"[{'id': 35, 'name': 'Comedy'}]"
131978076,352029565,88.74253343,94,8.227588112,Movie 1234,"[{'id': 10749, 'name': 'Romance'}]"
78688894,128645885,15.98574596,83,3.092684566,Movie 1235,"[{'id': 35, 'name': 'Comedy'}]"
119485994,305117042,16.03673106,165,5.614406141,Movie 1236,"[{'id': 28, 'name': 'Action'}]"
32199893,60749714,33.52725684,129,4.345640509,Movie 1237,"[{'id': 35, 'name': 'Comedy'}]"
141003993,295082876,6.392138689,117,5.331793742,Movie 1238,"[{'id': 18, 'name': 'Drama'}]"
57240283,103930961,19.06334602,102,5.495937648,Movie 1239,"[{'id': 35, 'name': 'Comedy'}]"
109150641,180964317,96.55575422,138,7.480025789,Movie 1240,"[{'id': 878, 'name': 'Science Fiction'}]"
166516756,180942702,43.39021005,169,3.562931234,Movie 1241,"[{'id': 18, 'name': 'Drama'}]"
66170480,83241481,63.56990163,154,6.075503419,Movie 1242,"[{'id': 10749, 'name': 'Romance'}]"
164386192,201360805,72.88501468,107,6.385168751,Movie 1243,"[{'id': 16, 'name': 'Animation'}]"
102233747,195084718,37.32917929,145,5.964945621,Movie 1244,"[{'id': 10749, 'name': 'Romance'}]"
93294504,74624802,15.57548037,87,7.391239518,Movie 1245,"[{'id': 18, 'name': 'Drama'}]"
102630640,286542614,21.45152061,108,5.302747535,Movie 1246,"[{'id': 16, 'name': 'Animation'}]"
171184309,394004287,32.01338118,90,8.669802382,Movie 1247,"[{'id': 18, 'name': 'Drama'}]"
99138587,149066175,63.97077361,97,5.890820655,Movie 1248,"[{'id': 10749, 'name': 'Romance'}]"
151623294,135939435,40.42977436,134,6.427283458,Movie 1249,"[{'id': 35, 'name': 'Comedy'}]"
10427504,28206194,1.674655092,129,7.95318494,Movie 1250,"[{'id': 878, 'name': 'Science Fiction'}]"
142240064,364055652,52.81731132,93,4.651416636,Movie 1251,"[{'id': 10749, 'name': 'Romance'}]"
20655820,47597286,92.2298258,153,3.451212173,Movie 1252,"[{'id': 27, 'name': 'Horror'}]"
96855581,114179908,81.39568349,178,7.24670387,Movie 1253,"[{'id': 53, 'name': 'Thriller'}]"
97231290,146441659,82.69592575,88,5.898071133,Movie 1254,"[{'id': 28, 'name': 'Action'}]"
100017426,75700252,79.71074374,178,8.379025506,Movie 1255,"[{'id': 28, 'name': 'Action'}]"
159428477,155059947,33.04935174,90,8.896080292,Movie 1256,"[{'id': 12, 'name': 'Adventure'}]"
76761695,188645058,76.75418954,142,5.394656103,Movie 1257,[]
132992221,304232578,15.17297442,155,5.492634098,Movie 1258,"[{'id': 53, 'name': 'Thriller'}]"
14691164,29143073,66.11389858,146,5.447775613,Movie 1259,"[{'id': 12, 'name': 'Adventure'}]"
157979628,432756251,64.5152881,132,4.947324658,Movie 1260,"[{'id': 12, 'name': 'Adventure'}]"
12707868,24884118,3.53141011,118,7.690122587,Movie 1261,"[{'id': 35, 'name': 'Comedy'}]"
149463901,249219097,79.00904323,157,7.553974575,Movie 1262,"[{'id': 35, 'name': 'Comedy'}]"
104357583,140979462,90.4215624,135,5.871869223,Movie 1263,"[{'id': 35, 'name': 'Comedy'}]"
11055079,31519370,27.47411257,107,3.267967298,Movie 1264,[]
108174930,76456813,81.42668169,154,4.857355809,Movie 1265,"[{'id': 10749, 'name': 'Romance'}]"
14781009,41789141,9.158191214,118,4.753818279,Movie 1266,"[{'id': 16, 'name': 'Animation'}]"
190170432,488126926,60.39681797,104,7.866523477,Movie 1267,"[{'id': 16, 'name': 'Animation'}]"
110640269,91258839,49.07903967,100,3.52545344,Movie 1268,"[{'id': 35, 'name': 'Comedy'}]"
115070898,220068592,55.0464298,89,7.834052274,Movie 1269,"[{'id': 12, 'name': 'Adventure'}]"
68812526,183479651,92.69431499,122,7.015101913,Movie 1270,"[{'id': 878, 'name': 'Science Fiction'}]"
119746097,231052837,87.26020948,94,7.394648755,Movie 1271,"[{'id': 53, 'name': 'Thriller'}]"
105755393,292730880,78.72328207,162,5.593279126,Movie 1272,"[{'id': 12, 'name': 'Adventure'}]"
148986933,425724133,28.09614731,127,7.078354776,Movie 1273,"[{'id': 28, 'name': 'Action'}]"
15013403,23360274,91.27004424,165,6.654173668,Movie 1274,"[{'id': 18, 'name': 'Drama'}]"
188208816,271638801,10.65326155,100,7.613881171,Movie 1275,"[{'id': 28, 'name': 'Action'}]"
111651505,317179917,85.47959244,139,5.680619007,Movie 1276,"[{'id': 53, 'name': 'Thriller'}]"
66954738,146486933,33.48784716,175,5.836953749,Movie 1277,"[{'id': 12, 'name': 'Adventure'}]"
130880894,103403327,6.323458855,129,6.861457336,Movie 1278,"[{'id': 878, 'name': 'Science Fiction'}]"
174866627,105921852,67.26634144,102,3.648464962,Movie 1279,"[{'id': 27, 'name': 'Horror'}]"
94900039,181408316,23.8967129,92,5.61746669,Movie 1280,"[{'id': 18, 'name': 'Drama'}]"
56849014,160622762,25.11354146,148,8.831705072,Movie 1281,"[{'id': 28, 'name': 'Action'}]"
38003110,99211745,31.29866946,83,3.22531392,Movie 1282,"[{'id': 27, 'name': 'Horror'}]"
14942402,32718172,7.304791983,171,4.896028337,Movie 1283,"[{'id': 16, 'name': 'Animation'}]"
96785737,82053943,18.53558728,157,4.884658915,Movie 1284,"[{'id': 878, 'name': 'Science Fiction'}]"
90097673,102312976,1.508823131,151,6.800784715,Movie 1285,"[{'id': 16, 'name': 'Animation'}]"
97337874,261719940,45.09554259,88,3.634802157,Movie 1286,"[{'id': 28, 'name': 'Action'}]"
82602413,79052003,9.341282364,114,6.771264185,Movie 1287,[]
115153633,137735090,68.5826079,100,3.570241444,Movie 1288,[]
145887163,120211259,24.32666227,137,3.569721885,Movie 1289,"[{'id': 53, 'name': 'Thriller'}]"
110033558,241003264,94.41384026,97,7.369100143,Movie 1290,"[{'id': 35, 'name': 'Comedy'}]"
178946678,511779583,87.25391111,176,4.944811043,Movie 1291,"[{'id': 18, 'name': 'Drama'}]"
134799387,158041507,29.6546486,151,8.864537686,Movie 1292,"[{'id': 27, 'name': 'Horror'}]"
118204767,199590701,78.53833001,160,3.224117619,Movie 1293,"[{'id': 28, 'name': 'Action'}]"
123287281,257158694,80.52124556,122,5.670639982,Movie 1294,"[{'id': 10749, 'name': 'Romance'}]"
146702236,439910951,98.6697483,174,3.678815626,Movie 1295,"[{'id': 27, 'name': 'Horror'}]"
142667335,108715385,60.1861587,177,5.108273801,Movie 1296,[]
117376384,204989286,9.11460773,85,8.989334704,Movie 1297,"[{'id': 53, 'name': 'Thriller'}]"
149056822,218040363,65.03688566,165,8.33305507,Movie 1298,"[{'id': 27, 'name': 'Horror'}]"
17701250,47165872,62.87299509,157,3.289946453,Movie 1299,"[{'id': 27, 'name': 'Horror'}]"
188152343,317962280,64.19670716,146,6.379535063,Movie 1300,"[{'id': 35, 'name': 'Comedy'}]"
37992982,29537408,31.40741916,91,6.886933829,Movie 1301,"[{'id': 28, 'name': 'Action'}]"
24656190,51434300,86.10827892,179,4.257207744,Movie 1302,"[{'id': 35, 'name': 'Comedy'}]"
85656124,207883262,95.98774611,91,3.87063344,Movie 1303,"[{'id': 12, 'name': 'Adventure'}]"
140796807,71412581,22.55353878,145,8.426286808,Movie 1304,"[{'id': 18, 'name': 'Drama'}]"
179707509,475756170,9.727063656,81,8.812898649,Movie 1305,[]
115981624,111928936,20.25896828,94,8.951357144,Movie 1306,"[{'id': 18, 'name': 'Drama'}]"
30822180,57951043,82.23466179,102,7.738570642,Movie 1307,"[{'id': 16, 'name': 'Animation'}]"
54517362,83929138,67.98781885,108,6.981012416,Movie 1308,"[{'id': 16, 'name': 'Animation'}]"
120168608,276283797,63.96868689,160,5.074381513,Movie 1309,"[{'id': 16, 'name': 'Animation'}]"
144078663,205730504,40.77752038,175,4.028389874,Movie 1310,"[{'id': 10749, 'name': 'Romance'}]"
159662049,427001451,58.20496918,86,3.473883596,Movie 1311,"[{'id': 53, 'name': 'Thriller'}]"
150322829,349687113,31.4795384,173,7.159784811,Movie 1312,"[{'id': 18, 'name': 'Drama'}]"
175794015,372557254,48.24280786,107,7.708340491,Movie 1313,"[{'id': 28, 'name': 'Action'}]"
186527415,464565457,79.51323981,93,7.958721915,Movie 1314,[]
77106218,183902770,98.14291815,123,8.48259002,Movie 1315,"[{'id': 28, 'name': 'Action'}]"
109015503,64302433,93.31640344,109,8.279577382,Movie 1316,"[{'id': 12, 'name': 'Adventure'}]"
96277507,143148852,93.45272834,160,8.998447634,Movie 1317,"[{'id': 16, 'name': 'Animation'}]"
30677043,86724560,40.82014975,111,4.464384066,Movie 1318,"[{'id': 12, 'name': 'Adventure'}]"
186049252,151501891,47.41019817,149,7.579845691,Movie 1319,"[{'id': 10749, 'name': 'Romance'}]"
70071029,164158298,70.85790424,167,6.518757074,Movie 1320,"[{'id': 16, 'name': 'Animation'}]"
76094484,223449894,92.29700088,85,4.567470795,Movie 1321,"[{'id': 878, 'name': 'Science Fiction'}]"
135828941,85639681,15.05743168,106,8.891431934,Movie 1322,[]
186318110,410921741,31.11994452,161,8.387388629,Movie 1323,"[{'id': 35, 'name': 'Comedy'}]"
50349430,84102950,14.78543761,167,3.771094011,Movie 1324,"[{'id': 16, 'name': 'Animation'}]"
92636655,180450473,61.58884447,103,3.156950054,Movie 1325,"[{'id': 35, 'name': 'Comedy'}]"
105904657,75547440,31.32379869,113,7.129984574,Movie 1326,"[{'id': 27, 'name': 'Horror'}]"
56842822,34533002,33.2846774,119,6.624783773,Movie 1327,"[{'id': 28, 'name': 'Action'}]"
36393865,78871570,8.020679989,126,8.614893745,Movie 1328,"[{'id': 16, 'name': 'Animation'}]"
99820870,255369093,35.62981012,158,4.404031723,Movie 1329,"[{'id': 878, 'name': 'Science Fiction'}]"
88558294,217414006,86.38715423,154,3.506327687,Movie 1330,"[{'id': 53, 'name': 'Thriller'}]"
154021524,286405229,24.07420838,165,4.555292003,Movie 1331,"[{'id': 28, 'name': 'Action'}]"
114954962,86177947,69.82355915,103,3.113565843,Movie 1332,"[{'id': 27, 'name': 'Horror'}]"
7202258,15989812,63.33320615,144,3.215356507,Movie 1333,"[{'id': 35, 'name': 'Comedy'}]"
89225315,98569187,86.48497623,97,8.489146836,Movie 1334,"[{'id': 12, 'name': 'Adventure'}]"
77989724,216629853,14.09650682,123,5.112099495,Movie 1335,"[{'id': 12, 'name': 'Adventure'}]"
71635601,185941907,97.78140607,155,5.464854006,Movie 1336,"[{'id': 16, 'name': 'Animation'}]"
76899393,174827495,58.68023596,136,3.110229927,Movie 1337,"[{'id': 27, 'name': 'Horror'}]"
154003904,442316905,99.55194108,107,4.623130681,Movie 1338,"[{'id': 27, 'name': 'Horror'}]"
22232430,12862673,91.23995786,150,7.828355902,Movie 1339,"[{'id': 878, 'name': 'Science Fiction'}]"
126917075,297049548,22.93020994,102,6.692945758,Movie 1340,"[{'id': 18, 'name': 'Drama'}]"
101355594,134357679,6.56003898,164,7.522683607,Movie 1341,"[{'id': 27, 'name': 'Horror'}]"
41473321,114680563,26.30827029,113,5.683282445,Movie 1342,"[{'id': 10749, 'name': 'Romance'}]"
55148094,64340619,53.22880125,90,4.858375331,Movie 1343,"[{'id': 53, 'name': 'Thriller'}]"
21153729,48910409,17.98804034,165,5.89686056,Movie 1344,"[{'id': 27, 'name': 'Horror'}]"
120378390,324313533,17.57851471,114,4.93842641,Movie 1345,"[{'id': 53, 'name': 'Thriller'}]"
148008630,89418236,46.79676116,172,8.03382658,Movie 1346,[]
78582731,117411947,4.293529146,121,4.786042294,Movie 1347,"[{'id': 878, 'name': 'Science Fiction'}]"
78973011,189991104,13.06692017,107,6.958581843,Movie 1348,"[{'id': 35, 'name': 'Comedy'}]"
141411684,231532957,42.1702726,161,3.821893334,Movie 1349,"[{'id': 27, 'name': 'Horror'}]"
148796901,173814358,7.249861012,157,7.121198962,Movie 1350,"[{'id': 53, 'name': 'Thriller'}]"
103368511,108486634,40.27875059,161,8.47979827,Movie 1351,"[{'id': 10749, 'name': 'Romance'}]"
191978987,159111352,47.92662033,171,6.651498928,Movie 1352,"[{'id': 53, 'name': 'Thriller'}]"
138484130,365989168,45.67539479,103,6.35913228,Movie 1353,"[{'id': 878, 'name': 'Science Fiction'}]"
48044083,93128098,87.04831088,87,8.766709608,Movie 1354,"[{'id': 53, 'name': 'Thriller'}]"
160116793,110634677,53.47618305,132,6.764379332,Movie 1355,"[{'id': 27, 'name': 'Horror'}]"
59436437,86566246,47.33006579,151,4.5573026,Movie 1356,[]
128812971,182828645,41.66021529,83,4.754346143,Movie 1357,"[{'id': 16, 'name': 'Animation'}]"
65910615,62901662,81.94471445,170,7.231839855,Movie 1358,"[{'id': 878, 'name': 'Science Fiction'}]"
15072989,23947498,89.6106038,179,7.412619563,Movie 1359,"[{'id': 878, 'name': 'Science Fiction'}]"
84976173,113039419,85.47100445,84,4.820977391,Movie 1360,"[{'id': 27, 'name': 'Horror'}]"
145162518,196623975,67.68111124,176,5.072063868,Movie 1361,"[{'id': 53, 'name': 'Thriller'}]"
97504946,228899334,14.59881285,128,8.946339052,Movie 1362,"[{'id': 53, 'name': 'Thriller'}]"
54505232,57675172,28.41012698,177,3.611715297,Movie 1363,"[{'id': 18, 'name': 'Drama'}]"
81218637,170936796,5.560243305,109,5.427870171,Movie 1364,"[{'id': 878, 'name': 'Science Fiction'}]"
179817575,346440866,93.15158342,151,3.374685187,Movie 1365,"[{'id': 16, 'name': 'Animation'}]"
49730049,95493195,66.41905444,142,7.926470172,Movie 1366,"[{'id': 878, 'name': 'Science Fiction'}]"
37413676,80720693,74.88992555,126,3.554075034,Movie 1367,"[{'id': 35, 'name': 'Comedy'}]"
119326552,223254619,31.84560222,105,7.044044139,Movie 1368,[]
34877350,94103895,84.71969871,136,3.338900544,Movie 1369,"[{'id': 53, 'name': 'Thriller'}]"
132095752,289151026,26.70072509,116,7.037130227,Movie 1370,"[{'id': 27, 'name': 'Horror'}]"
62658869,117009681,1.162731954,177,8.058221682,Movie 1371,[]
87131989,224313272,38.26508129,86,5.392929162,Movie 1372,"[{'id': 878, 'name': 'Science Fiction'}]"
97337130,196169982,57.50538661,119,6.132758961,Movie 1373,"[{'id': 10749, 'name': 'Romance'}]"
32251097,39599851,48.39178094,171,5.409250428,Movie 1374,"[{'id': 27, 'name': 'Horror'}]"
111338489,113313332,86.34553812,118,4.802932552,Movie 1375,"[{'id': 53, 'name': 'Thriller'}]"
110832220,97623176,11.43512331,141,7.819580404,Movie 1376,"[{'id': 28, 'name': 'Action'}]"
16985249,46686301,55.82852062,171,4.632015442,Movie 1377,"[{'id': 27, 'name': 'Horror'}]"
96809238,220273794,51.78495563,157,7.337660546,Movie 1378,"[{'id': 27, 'name': 'Horror'}]"
79987338,227439683,28.85790524,132,4.237182476,Movie 1379,"[{'id': 35, 'name': 'Comedy'}]"
44309893,88984434,82.40058315,83,4.499122776,Movie 1380,"[{'id': 27, 'name': 'Horror'}]"
169787089,285836938,75.53201693,161,5.018766975,Movie 1381,"[{'id': 12, 'name': 'Adventure'}]"
128395967,83366374,73.55305955,104,6.534938264,Movie 1382,"[{'id': 10749, 'name': 'Romance'}]"
11971177,26086460,87.74305535,86,5.726533915,Movie 1383,[]
61200291,119678509,72.55567546,107,7.470868859,Movie 1384,"[{'id': 35, 'name': 'Comedy'}]"
104316389,310395734,23.95228788,148,4.281403802,Movie 1385,"[{'id': 28, 'name': 'Action'}]"
21080673,23144406,70.85070845,146,3.064033727,Movie 1386,"[{'id': 18, 'name': 'Drama'}]"
130914532,239160347,31.46257853,174,7.659344831,Movie 1387,"[{'id': 10749, 'name': 'Romance'}]"
114474712,243532739,24.97529038,99,7.929896003,Movie 1388,"[{'id': 27, 'name': 'Horror'}]"
75052985,158472721,8.227355697,162,3.356880979,Movie 1389,"[{'id': 10749, 'name': 'Romance'}]"
141456523,269224843,74.65882945,90,6.665445133,Movie 1390,"[{'id': 28, 'name': 'Action'}]"
82266262,200920539,71.38909523,146,5.269240703,Movie 1391,"[{'id': 18, 'name': 'Drama'}]"
190316724,192686742,24.21544829,166,7.763373931,Movie 1392,"[{'id': 12, 'name': 'Adventure'}]"
48226729,111599930,75.18852266,86,8.246487325,Movie 1393,"[{'id': 12, 'name': 'Adventure'}]"
65504149,134240038,91.86624743,102,8.106022601,Movie 1394,"[{'id': 18, 'name': 'Drama'}]"
52048404,142622400,11.69486679,140,7.663225484,Movie 1395,"[{'id': 10749, 'name': 'Romance'}]"
59771482,156480908,24.0310272,150,4.614313372,Movie 1396,"[{'id': 16, 'name': 'Animation'}]"
108454264,139674732,75.27581861,113,7.871337861,Movie 1397,"[{'id': 18, 'name': 'Drama'}]"
71860062,85556109,28.17616068,98,6.200870855,Movie 1398,"[{'id': 10749, 'name': 'Romance'}]"
192918810,569907882,62.84173345,137,3.316539689,Movie 1399,"[{'id': 878, 'name': 'Science Fiction'}]"
150950631,274452844,9.035258222,88,5.741633099,Movie 1400,"[{'id': 878, 'name': 'Science Fiction'}]"
4138145,11446325,45.76804543,127,8.652947502,Movie 1401,"[{'id': 10749, 'name': 'Romance'}]"
164281163,149446994,74.17005078,161,8.327156098,Movie 1402,[]
35780908,75392065,68.96488036,120,3.613585686,Movie 1403,"[{'id': 12, 'name': 'Adventure'}]"
172956216,436653991,81.69213797,127,7.464760114,Movie 1404,[]
47361481,135855845,87.86776053,124,7.834757196,Movie 1405,"[{'id': 16, 'name': 'Animation'}]"
170273004,228736299,77.54516662,104,4.628329129,Movie 1406,[]
110981072,256638504,67.48718655,157,5.829651424,Movie 1407,"[{'id': 16, 'name': 'Animation'}]"
188992985,349076189,4.14052669,104,7.265927649,Movie 1408,"[{'id': 28, 'name': 'Action'}]"
127192596,82875174,53.96170067,98,5.634248933,Movie 1409,"[{'id': 35, 'name': 'Comedy'}]"
35954715,79999217,4.732074767,118,3.676781513,Movie 1410,"[{'id': 878, 'name': 'Science Fiction'}]"
90813693,202082388,80.99871389,158,7.235294668,Movie 1411,"[{'id': 27, 'name': 'Horror'}]"
82250937,232483672,32.75172792,159,8.469832138,Movie 1412,"[{'id': 53, 'name': 'Thriller'}]"
178688705,311504644,56.68050804,106,6.91490837,Movie 1413,"[{'id': 12, 'name': 'Adventure'}]"
178310715,191795873,28.66508542,153,7.642804491,Movie 1414,[]
91740533,56091038,78.46751429,142,5.150175214,Movie 1415,"[{'id': 35, 'name': 'Comedy'}]"
88182130,135721598,88.76375014,147,4.099189471,Movie 1416,"[{'id': 53, 'name': 'Thriller'}]"
120558836,151276232,40.46560693,98,6.85664197,Movie 1417,"[{'id': 53, 'name': 'Thriller'}]"
175599459,421916466,86.42931696,107,4.966627235,Movie 1418,"[{'id': 12, 'name': 'Adventure'}]"
91133874,126281421,27.44042574,164,8.160441114,Movie 1419,"[{'id': 12, 'name': 'Adventure'}]"
25694812,73812920,53.93143138,157,3.7357683,Movie 1420,"[{'id': 18, 'name': 'Drama'}]"
62399188,181318032,86.01738155,112,5.600782198,Movie 1421,"[{'id': 12, 'name': 'Adventure'}]"
106565962,218702284,33.26225292,89,5.380365603,Movie 1422,"[{'id': 53, 'name': 'Thriller'}]"
167188327,471747062,95.45018424,162,8.628323121,Movie 1423,[]
186425407,447819155,13.06607068,109,3.918808804,Movie 1424,"[{'id': 35, 'name': 'Comedy'}]"
175004899,326760240,2.809231903,101,3.05908095,Movie 1425,"[{'id': 10749, 'name': 'Romance'}]"
136488624,129769267,90.50939991,82,4.428511277,Movie 1426,"[{'id': 12, 'name': 'Adventure'}]"
147170042,242314717,7.796217949,161,7.921661159,Movie 1427,[]
17770274,33802369,99.1970304,154,4.255930896,Movie 1428,"[{'id': 27, 'name': 'Horror'}]"
51709813,137543135,95.18828934,127,4.445268382,Movie 1429,"[{'id': 53, 'name': 'Thriller'}]"
166572705,283728858,14.56507009,81,3.779392827,Movie 1430,"[{'id': 16, 'name': 'Animation'}]"
93983350,257907857,54.22087794,155,7.29261722,Movie 1431,"[{'id': 35, 'name': 'Comedy'}]"
167091374,365240430,19.30710945,133,3.415045143,Movie 1432,"[{'id': 35, 'name': 'Comedy'}]"
72240343,60862319,43.38736213,85,4.987249814,Movie 1433,"[{'id': 12, 'name': 'Adventure'}]"
43955157,131313984,7.081087797,119,4.69499236,Movie 1434,[]
194583172,353768094,23.16853419,172,6.330958379,Movie 1435,"[{'id': 28, 'name': 'Action'}]"
199663479,295431216,36.96400684,173,7.38249759,Movie 1436,"[{'id': 18, 'name': 'Drama'}]"
118855520,255276033,44.42610252,81,6.197258608,Movie 1437,"[{'id': 35, 'name': 'Comedy'}]"
86518073,66812135,97.77212956,152,8.586155958,Movie 1438,"[{'id': 35, 'name': 'Comedy'}]"
134930531,282186509,80.97869892,81,8.708655833,Movie 1439,[]
172123438,300456952,74.00358449,172,5.168791971,Movie 1440,"[{'id': 35, 'name': 'Comedy'}]"
53673683,81406079,54.16709016,176,7.666082258,Movie 1441,[]
159973394,461131315,84.1597783,153,7.4328083,Movie 1442,"[{'id': 28, 'name': 'Action'}]"
140921122,254552768,34.59296073,177,8.35778755,Movie 1443,"[{'id': 27, 'name': 'Horror'}]"
125681459,131688240,71.18101216,134,5.687661841,Movie 1444,"[{'id': 16, 'name': 'Animation'}]"
146633104,241564651,99.38461356,151,6.182839123,Movie 1445,"[{'id': 10749, 'name': 'Romance'}]"
77176890,215977096,32.14826198,139,5.494645881,Movie 1446,"[{'id': 12, 'name': 'Adventure'}]"
148501420,139626778,67.72773595,176,8.102261516,Movie 1447,"[{'id': 18, 'name': 'Drama'}]"
128440874,132922509,84.58717155,85,4.378213892,Movie 1448,"[{'id': 10749, 'name': 'Romance'}]"
94389281,50269269,91.66495075,98,4.438254469,Movie 1449,"[{'id': 12, 'name': 'Adventure'}]"
90817241,48630373,72.0753364,175,5.235630621,Movie 1450,"[{'id': 10749, 'name': 'Romance'}]"
158785537,408631255,29.07718442,106,4.382056993,Movie 1451,"[{'id': 27, 'name': 'Horror'}]"
190400564,443691675,33.30193301,80,6.366041018,Movie 1452,"[{'id': 18, 'name': 'Drama'}]"
137939592,191405342,3.05504518,112,3.806940639,Movie 1453,"[{'id': 53, 'name': 'Thriller'}]"
55278856,124144032,76.32771179,119,4.921117316,Movie 1454,[]
168676199,250992683,5.231221,111,8.480668191,Movie 1455,[]
175756880,506573859,86.60058311,148,5.455352881,Movie 1456,"[{'id': 27, 'name': 'Horror'}]"
163322048,476513585,12.74740083,96,7.489402299,Movie 1457,"[{'id': 878, 'name': 'Science Fiction'}]"
75842172,112396918,18.0157747,87,3.68077315,Movie 1458,"[{'id': 35, 'name': 'Comedy'}]"
4875754,12850316,48.17612061,136,4.485387049,Movie 1459,"[{'id': 18, 'name': 'Drama'}]"
154699943,376342048,74.0501611,121,7.844073727,Movie 1460,"[{'id': 878, 'name': 'Science Fiction'}]"
96268888,122742817,14.76121831,177,7.577957618,Movie 1461,"[{'id': 10749, 'name': 'Romance'}]"
58696034,63397561,44.56703643,88,5.316935512,Movie 1462,"[{'id': 878, 'name': 'Science Fiction'}]"
29356738,48309055,48.80227617,166,8.726381412,Movie 1463,[]
66564145,163306616,22.01627853,114,8.463858095,Movie 1464,"[{'id': 16, 'name': 'Animation'}]"
11047595,32042659,12.44027929,150,8.773804495,Movie 1465,"[{'id': 18, 'name': 'Drama'}]"
31908587,76866116,83.80567138,158,5.567488141,Movie 1466,"[{'id': 10749, 'name': 'Romance'}]"
130705394,344803111,50.74409933,132,4.184841502,Movie 1467,"[{'id': 16, 'name': 'Animation'}]"
96112669,192961634,2.423742362,133,6.759951835,Movie 1468,"[{'id': 18, 'name': 'Drama'}]"
23564965,60998373,80.49514883,163,7.10863895,Movie 1469,[]
120102305,295578035,98.09858674,104,3.752650707,Movie 1470,"[{'id': 10749, 'name': 'Romance'}]"
175348811,252934321,60.98669335,146,7.718898206,Movie 1471,"[{'id': 53, 'name': 'Thriller'}]"
10004644,18808488,50.86713032,141,3.108361319,Movie 1472,"[{'id': 18, 'name': 'Drama'}]"
125906539,316262470,87.96317044,134,5.896370325,Movie 1473,"[{'id': 16, 'name': 'Animation'}]"
182735418,112408200,95.29916218,125,4.986097557,Movie 1474,"[{'id': 878, 'name': 'Science Fiction'}]"
106650992,268781638,75.69915467,103,7.441818359,Movie 1475,"[{'id': 878, 'name': 'Science Fiction'}]"
51760636,48899324,45.09984004,177,4.876564365,Movie 1476,"[{'id': 12, 'name': 'Adventure'}]"
172856912,308845007,59.62991853,125,7.960842677,Movie 1477,"[{'id': 12, 'name': 'Adventure'}]"
55706505,140418752,70.39260114,101,6.569720933,Movie 1478,"[{'id': 16, 'name': 'Animation'}]"
14143608,16046668,20.23308353,90,7.763360171,Movie 1479,[]
37532022,41830136,45.27290219,127,8.936043827,Movie 1480,"[{'id': 12, 'name': 'Adventure'}]"
92485680,139367688,83.15230521,87,7.074950074,Movie 1481,"[{'id': 28, 'name': 'Action'}]"
104960587,287235876,65.8178095,118,8.909701898,Movie 1482,"[{'id': 53, 'name': 'Thriller'}]"
180963197,90681916,41.70920265,114,3.173017962,Movie 1483,"[{'id': 28, 'name': 'Action'}]"
89780367,247206446,66.67289087,128,5.028839931,Movie 1484,"[{'id': 28, 'name': 'Action'}]"
37045138,32767075,12.7040188,125,3.647119587,Movie 1485,"[{'id': 28, 'name': 'Action'}]"
193091911,574490131,40.74826345,117,4.573829588,Movie 1486,"[{'id': 35, 'name': 'Comedy'}]"
60912158,175860556,79.51972526,87,8.033327395,Movie 1487,"[{'id': 10749, 'name': 'Romance'}]"
39808656,69135214,22.83036993,133,3.193939592,Movie 1488,"[{'id': 878, 'name': 'Science Fiction'}]"
146098454,260318315,19.41018925,116,6.121097614,Movie 1489,"[{'id': 27, 'name': 'Horror'}]"
158210084,269569945,95.13104733,170,6.402772245,Movie 1490,"[{'id': 10749, 'name': 'Romance'}]"
21515189,44936819,21.77986533,171,6.36690688,Movie 1491,"[{'id': 18, 'name': 'Drama'}]"
53534223,38908901,26.83093939,119,5.851782443,Movie 1492,"[{'id': 12, 'name': 'Adventure'}]"
158606597,92236852,96.99197795,113,7.743617789,Movie 1493,"[{'id': 10749, 'name': 'Romance'}]"
186013447,119840525,73.73614846,175,3.801258537,Movie 1494,"[{'id': 18, 'name': 'Drama'}]"
122821649,197855036,70.26005677,158,4.863462093,Movie 1495,"[{'id': 16, 'name': 'Animation'}]"
94050123,111813355,85.439712,96,6.694356321,Movie 1496,"[{'id': 878, 'name': 'Science Fiction'}]"
145780942,299594254,12.46648514,112,7.145708198,Movie 1497,"[{'id': 27, 'name': 'Horror'}]"
25374842,75645086,70.88966742,126,5.424890591,Movie 1498,[]
29172140,42760754,50.86517232,131,8.25222758,Movie 1499,"[{'id': 28, 'name': 'Action'}]"
193919065,375156431,83.08591339,159,5.49296038,Movie 1500,"[{'id': 12, 'name': 'Adventure'}]"
170336878,262150114,51.30603015,172,5.416656806,Movie 1501,"[{'id': 10749, 'name': 'Romance'}]"
190689119,499258279,62.40389407,88,3.217243569,Movie 1502,"[{'id': 12, 'name': 'Adventure'}]"
78632265,216678362,48.29647051,112,6.306848017,Movie 1503,"[{'id': 12, 'name': 'Adventure'}]"
111654479,300728948,48.33773343,139,7.252085031,Movie 1504,"[{'id': 16, 'name': 'Animation'}]"
24387092,71598809,77.02902783,172,3.686628981,Movie 1505,"[{'id': 27, 'name': 'Horror'}]"
154373781,87807492,63.22807366,156,4.832596597,Movie 1506,"[{'id': 878, 'name': 'Science Fiction'}]"
174895929,454649034,63.69305696,100,7.687541723,Movie 1507,"[{'id': 16, 'name': 'Animation'}]"
2524102,6005925,45.5779659,137,5.195516612,Movie 1508,[]
146796877,157327501,53.57984014,164,4.449614772,Movie 1509,"[{'id': 878, 'name': 'Science Fiction'}]"
43607220,126059761,74.82604895,148,7.033203981,Movie 1510,"[{'id': 878, 'name': 'Science Fiction'}]"
187932742,163585081,82.76815099,89,4.180552666,Movie 1511,"[{'id': 12, 'name': 'Adventure'}]"
22900146,50354554,69.95957881,85,8.373917517,Movie 1512,"[{'id': 53, 'name': 'Thriller'}]"
145131569,154162459,92.4832259,92,3.633590376,Movie 1513,"[{'id': 12, 'name': 'Adventure'}]"
30061846,47451169,82.21208473,144,7.239298814,Movie 1514,"[{'id': 16, 'name': 'Animation'}]"
195741724,449794857,56.62451519,99,5.997292208,Movie 1515,"[{'id': 878, 'name': 'Science Fiction'}]"
158686353,302823008,67.46920119,136,8.219577374,Movie 1516,"[{'id': 27, 'name': 'Horror'}]"
138651110,217509563,92.70451942,125,3.757170546,Movie 1517,"[{'id': 10749, 'name': 'Romance'}]"
76779042,101029401,62.29763638,87,7.067369511,Movie 1518,"[{'id': 10749, 'name': 'Romance'}]"
29348817,76281952,82.65588785,89,6.432327835,Movie 1519,[]
97355770,83680777,69.19223986,152,5.880540853,Movie 1520,"[{'id': 27, 'name': 'Horror'}]"
71503913,112637053,55.64169974,146,5.948443581,Movie 1521,"[{'id': 35, 'name': 'Comedy'}]"
84952230,234416667,24.94198135,90,7.331861771,Movie 1522,"[{'id': 16, 'name': 'Animation'}]"
159946576,418200136,43.17375443,91,8.62644993,Movie 1523,[]
109092941,163896260,96.80653966,89,3.547509955,Movie 1524,"[{'id': 53, 'name': 'Thriller'}]"
146040542,351632168,66.11877294,104,3.117015886,Movie 1525,"[{'id': 53, 'name': 'Thriller'}]"
183574050,469564443,56.87514265,128,7.834228755,Movie 1526,[]
188096876,512040806,93.36270593,128,3.649016325,Movie 1527,"[{'id': 28, 'name': 'Action'}]"
63076001,117401116,59.06466632,168,8.920180776,Movie 1528,"[{'id': 16, 'name': 'Animation'}]"
43942594,44432651,53.08216932,90,6.716089494,Movie 1529,"[{'id': 53, 'name': 'Thriller'}]"
38747492,44105211,76.17177466,141,6.905198372,Movie 1530,"[{'id': 16, 'name': 'Animation'}]"
130987754,162324830,71.55389628,115,4.193350218,Movie 1531,"[{'id': 35, 'name': 'Comedy'}]"
118574567,235311963,20.12284083,118,4.441873862,Movie 1532,"[{'id': 35, 'name': 'Comedy'}]"
16170521,9411632,47.65951918,132,6.956101819,Movie 1533,"[{'id': 53, 'name': 'Thriller'}]"
161059574,336631609,47.77902884,169,8.458361028,Movie 1534,"[{'id': 27, 'name': 'Horror'}]"
127639062,180084114,38.44422701,157,8.894343327,Movie 1535,"[{'id': 16, 'name': 'Animation'}]"
13267883,16427025,52.21205473,135,4.18818568,Movie 1536,"[{'id': 878, 'name': 'Science Fiction'}]"
43639398,117771451,41.89763237,80,3.804717736,Movie 1537,"[{'id': 16, 'name': 'Animation'}]"
12984398,21424334,20.73520346,135,3.338408147,Movie 1538,"[{'id': 27, 'name': 'Horror'}]"
170613808,125850309,41.82428224,83,8.209782109,Movie 1539,"[{'id': 878, 'name': 'Science Fiction'}]"
165933123,425928244,8.15541781,109,4.768289081,Movie 1540,"[{'id': 10749, 'name': 'Romance'}]"
175904668,108903132,58.00280041,91,3.010872203,Movie 1541,"[{'id': 16, 'name': 'Animation'}]"
158432789,367068660,85.51180035,114,4.342908516,Movie 1542,"[{'id': 18, 'name': 'Drama'}]"
27854296,67818680,72.80342135,156,5.042646481,Movie 1543,[]
4828433,6670511,36.67900997,131,8.945917017,Movie 1544,"[{'id': 53, 'name': 'Thriller'}]"
87621344,224483223,9.620049352,110,6.141249563,Movie 1545,"[{'id': 27, 'name': 'Horror'}]"
48149071,86145838,21.01279052,166,4.228283686,Movie 1546,[]
8152747,13519163,55.00354371,147,5.008910068,Movie 1547,"[{'id': 18, 'name': 'Drama'}]"
196246973,120399127,21.49865125,131,4.981846125,Movie 1548,"[{'id': 16, 'name': 'Animation'}]"
183562241,224877142,54.85333802,159,3.118354479,Movie 1549,"[{'id': 18, 'name': 'Drama'}]"
105800566,299153737,23.92830345,86,3.811098325,Movie 1550,[]
105981218,156805561,85.04346308,101,7.171178758,Movie 1551,"[{'id': 28, 'name': 'Action'}]"
92351453,172397195,40.32987581,172,3.721505919,Movie 1552,"[{'id': 10749, 'name': 'Romance'}]"
2020154,3696991,25.30951197,154,4.38440566,Movie 1553,"[{'id': 27, 'name': 'Horror'}]"
125284044,247571008,81.42029184,135,5.10442379,Movie 1554,"[{'id': 18, 'name': 'Drama'}]"
39499601,25806171,34.94105752,176,7.546409667,Movie 1555,"[{'id': 10749, 'name': 'Romance'}]"
7733215,10868574,12.0372811,137,6.494405789,Movie 1556,"[{'id': 12, 'name': 'Adventure'}]"
33339834,76942358,57.47053965,172,7.13399991,Movie 1557,"[{'id': 27, 'name': 'Horror'}]"
41739629,41798090,58.57485624,143,6.402073953,Movie 1558,"[{'id': 18, 'name': 'Drama'}]"
165118515,166595655,71.75487185,91,7.101554551,Movie 1559,"[{'id': 27, 'name': 'Horror'}]"
74823165,39299110,24.78172389,86,3.017052922,Movie 1560,"[{'id': 878, 'name': 'Science Fiction'}]"
112855600,179858513,44.93336257,134,8.585388866,Movie 1561,"[{'id': 28, 'name': 'Action'}]"
116667420,315799566,28.95442399,141,3.665521385,Movie 1562,"[{'id': 12, 'name': 'Adventure'}]"
162476925,102320226,9.014419875,169,5.437494576,Movie 1563,"[{'id': 12, 'name': 'Adventure'}]"
183001908,178938675,87.78476887,152,7.626230221,Movie 1564,"[{'id': 27, 'name': 'Horror'}]"
182596907,232849647,73.15811064,177,5.611384308,Movie 1565,"[{'id': 18, 'name': 'Drama'}]"
11760888,27394775,30.84484289,156,8.68105531,Movie 1566,"[{'id': 27, 'name': 'Horror'}]"
79414095,166895787,60.33792629,134,5.805533691,Movie 1567,"[{'id': 35, 'name': 'Comedy'}]"
94144811,144969806,20.92511503,115,8.249636434,Movie 1568,"[{'id': 10749, 'name': 'Romance'}]"
101018552,242209388,89.13342556,168,7.86496868,Movie 1569,"[{'id': 16, 'name': 'Animation'}]"
79483721,160881213,12.37572799,103,8.885917817,Movie 1570,"[{'id': 12, 'name': 'Adventure'}]"
126410205,346376855,1.379877405,123,8.559286685,Movie 1571,"[{'id': 18, 'name': 'Drama'}]"
184681944,470027897,50.69881158,96,8.388743008,Movie 1572,[]
103522878,117191419,58.72965452,81,7.389626043,Movie 1573,"[{'id': 12, 'name': 'Adventure'}]"
97719187,115171486,58.31756671,92,5.201988884,Movie 1574,"[{'id': 12, 'name': 'Adventure'}]"
193293440,157223181,6.396680816,110,3.636752511,Movie 1575,"[{'id': 878, 'name': 'Science Fiction'}]"
15372528,20636263,32.09033688,172,7.131870314,Movie 1576,"[{'id': 12, 'name': 'Adventure'}]"
129036268,386961676,50.42069574,107,8.871924488,Movie 1577,"[{'id': 10749, 'name': 'Romance'}]"
181913293,275485474,22.44133938,139,7.359626624,Movie 1578,"[{'id': 878, 'name': 'Science Fiction'}]"
160940253,169183787,87.38996266,106,8.572376216,Movie 1579,"[{'id': 16, 'name': 'Animation'}]"
174180913,419115368,9.623819657,94,7.825828278,Movie 1580,"[{'id': 28, 'name': 'Action'}]"
199891843,371034743,49.25105973,174,3.978688051,Movie 1581,"[{'id': 35, 'name': 'Comedy'}]"
121488081,106181023,69.45018969,158,4.495222624,Movie 1582,"[{'id': 10749, 'name': 'Romance'}]"
199031293,288938545,26.91335891,112,5.051193611,Movie 1583,"[{'id': 18, 'name': 'Drama'}]"
115282788,177094454,62.79983296,99,4.009562666,Movie 1584,"[{'id': 16, 'name': 'Animation'}]"
181788888,433489101,83.10912986,121,6.489907996,Movie 1585,"[{'id': 878, 'name': 'Science Fiction'}]"
118105071,65156019,19.84336053,91,8.852703145,Movie 1586,"[{'id': 28, 'name': 'Action'}]"
77767936,91186724,91.80483859,152,7.568753001,Movie 1587,"[{'id': 18, 'name': 'Drama'}]"
152780276,274086402,55.80229473,102,5.540320494,Movie 1588,"[{'id': 16, 'name': 'Animation'}]"
194705934,228218107,30.62396843,151,3.027026886,Movie 1589,"[{'id': 27, 'name': 'Horror'}]"
41057648,85033883,43.65496926,175,4.879656067,Movie 1590,"[{'id': 878, 'name': 'Science Fiction'}]"
72425912,123462185,31.90699649,93,6.160555726,Movie 1591,"[{'id': 35, 'name': 'Comedy'}]"
133086923,186890723,72.78600483,170,4.945505243,Movie 1592,"[{'id': 10749, 'name': 'Romance'}]"
82242298,236283895,79.83376568,104,3.666209538,Movie 1593,"[{'id': 35, 'name': 'Comedy'}]"
54520377,113424124,83.46080184,156,5.656589741,Movie 1594,"[{'id': 28, 'name': 'Action'}]"
157100668,129585024,98.59105671,164,4.519516902,Movie 1595,"[{'id': 16, 'name': 'Animation'}]"
39580196,75211445,79.33714496,110,8.455394259,Movie 1596,[]
116581866,285838873,60.537023,133,3.610527171,Movie 1597,"[{'id': 53, 'name': 'Thriller'}]"
112902075,256425929,34.58280954,84,3.294915772,Movie 1598,"[{'id': 27, 'name': 'Horror'}]"
183883013,171052221,54.91494942,92,3.031885015,Movie 1599,"[{'id': 35, 'name': 'Comedy'}]"
193545574,567291754,5.065749106,107,4.968418107,Movie 1600,"[{'id': 10749, 'name': 'Romance'}]"
18687991,30312558,74.73768248,122,6.962321029,Movie 1601,"[{'id': 18, 'name': 'Drama'}]"
40509310,36359637,45.14959896,168,7.382482517,Movie 1602,"[{'id': 12, 'name': 'Adventure'}]"
32061293,30473918,2.982299743,178,5.7195701,Movie 1603,"[{'id': 53, 'name': 'Thriller'}]"
165490583,123387706,7.18818721,126,7.105971903,Movie 1604,[]
129425994,324703321,39.35917992,150,5.159484217,Movie 1605,"[{'id': 28, 'name': 'Action'}]"
124368509,100126131,58.75873038,117,7.00683732,Movie 1606,"[{'id': 12, 'name': 'Adventure'}]"
181534424,147553565,46.95619095,175,3.243575912,Movie 1607,"[{'id': 35, 'name': 'Comedy'}]"
11679043,30671257,62.30122741,146,5.344517907,Movie 1608,"[{'id': 28, 'name': 'Action'}]"
190716026,259661816,48.54913162,141,7.745098066,Movie 1609,"[{'id': 27, 'name': 'Horror'}]"
115161223,66464696,66.5086807,118,7.818036183,Movie 1610,"[{'id': 10749, 'name': 'Romance'}]"
23470291,14780139,22.6934804,116,7.296892673,Movie 1611,"[{'id': 10749, 'name': 'Romance'}]"
109773212,93902872,12.17147553,165,4.225431723,Movie 1612,"[{'id': 18, 'name': 'Drama'}]"
106856574,110434492,60.04696151,87,4.483230714,Movie 1613,"[{'id': 53, 'name': 'Thriller'}]"
185980789,402251429,48.98426218,160,8.976532364,Movie 1614,"[{'id': 16, 'name': 'Animation'}]"
195290548,174456112,3.65989775,131,3.620268043,Movie 1615,"[{'id': 878, 'name': 'Science Fiction'}]"
78921522,62915130,38.66770666,170,4.083976193,Movie 1616,"[{'id': 12, 'name': 'Adventure'}]"
55496748,133846937,11.50643296,112,3.780157534,Movie 1617,"[{'id': 10749, 'name': 'Romance'}]"
186412937,405939934,53.60432634,160,4.965929782,Movie 1618,"[{'id': 28, 'name': 'Action'}]"
40043896,63602142,40.18199029,121,4.261055011,Movie 1619,"[{'id': 53, 'name': 'Thriller'}]"
142674713,267268891,61.7020392,155,5.986127757,Movie 1620,"[{'id': 12, 'name': 'Adventure'}]"
158762472,203209621,80.75461966,106,5.856124241,Movie 1621,"[{'id': 16, 'name': 'Animation'}]"
85912633,146588520,30.6671997,87,8.409033717,Movie 1622,"[{'id': 27, 'name': 'Horror'}]"
128064322,226248884,96.24810831,102,3.208439685,Movie 1623,"[{'id': 35, 'name': 'Comedy'}]"
59865527,87888171,54.02781556,143,4.91927746,Movie 1624,"[{'id': 16, 'name': 'Animation'}]"
162599237,449819492,62.21078908,172,6.579947352,Movie 1625,"[{'id': 18, 'name': 'Drama'}]"
21521013,11624675,68.38656495,99,6.628810571,Movie 1626,"[{'id': 878, 'name': 'Science Fiction'}]"
136732270,335736265,67.00642146,95,5.880757374,Movie 1627,"[{'id': 878, 'name': 'Science Fiction'}]"
124798230,101206007,51.58610356,96,7.893993245,Movie 1628,"[{'id': 27, 'name': 'Horror'}]"
38735088,96600211,43.44766482,159,3.376333028,Movie 1629,"[{'id': 35, 'name': 'Comedy'}]"
79427656,162014927,6.324414454,98,7.892926593,Movie 1630,"[{'id': 53, 'name': 'Thriller'}]"
150353491,392151257,3.186498685,87,5.968525443,Movie 1631,"[{'id': 53, 'name': 'Thriller'}]"
108509488,80707817,36.43815826,117,3.80256417,Movie 1632,"[{'id': 12, 'name': 'Adventure'}]"
44951994,85294232,34.03242817,117,8.314211481,Movie 1633,"[{'id': 35, 'name': 'Comedy'}]"
92233769,161659943,39.38182033,132,6.895372677,Movie 1634,"[{'id': 16, 'name': 'Animation'}]"
66489314,150630407,14.69845189,172,3.981274121,Movie 1635,[]
36383985,66791041,74.07865878,179,3.20189834,Movie 1636,"[{'id': 10749, 'name': 'Romance'}]"
37595773,69621221,85.83947706,169,3.84665789,Movie 1637,"[{'id': 35, 'name': 'Comedy'}]"
125106967,196917097,93.9327489,110,6.652787761,Movie 1638,"[{'id': 28, 'name': 'Action'}]"
97362498,123853476,49.74386805,123,4.075777412,Movie 1639,"[{'id': 28, 'name': 'Action'}]"
15315679,26123354,70.38570421,139,4.354578449,Movie 1640,"[{'id': 53, 'name': 'Thriller'}]"
112156962,89302838,85.69956122,155,3.150838355,Movie 1641,[]
159658533,463613789,42.41082,96,7.337584033,Movie 1642,"[{'id': 10749, 'name': 'Romance'}]"
156982967,358867286,31.63186669,158,7.862186399,Movie 1643,"[{'id': 53, 'name': 'Thriller'}]"
159803950,460421993,93.73573103,152,7.781089061,Movie 1644,"[{'id': 10749, 'name': 'Romance'}]"
150744728,160817257,52.05197856,118,3.765408908,Movie 1645,"[{'id': 10749, 'name': 'Romance'}]"
131738504,355476928,50.22813477,121,8.419806764,Movie 1646,"[{'id': 27, 'name': 'Horror'}]"
86561923,218307002,18.66319356,127,7.033672977,Movie 1647,"[{'id': 12, 'name': 'Adventure'}]"
76532173,167825950,11.70734644,91,8.385171734,Movie 1648,"[{'id': 35, 'name': 'Comedy'}]"
125497505,258847761,84.36857939,175,5.682963027,Movie 1649,"[{'id': 53, 'name': 'Thriller'}]"
86607690,111842933,61.79918444,168,5.621729167,Movie 1650,"[{'id': 18, 'name': 'Drama'}]"
11569320,29397954,33.25663382,97,7.707219112,Movie 1651,"[{'id': 878, 'name': 'Science Fiction'}]"
70448631,123552009,19.98188552,158,3.559787133,Movie 1652,"[{'id': 28, 'name': 'Action'}]"
68001666,46052696,55.99423074,175,6.12524422,Movie 1653,"[{'id': 53, 'name': 'Thriller'}]"
99609786,127715474,58.80800964,85,8.018305414,Movie 1654,"[{'id': 16, 'name': 'Animation'}]"
20391451,57875887,21.49236652,122,7.981155378,Movie 1655,"[{'id': 18, 'name': 'Drama'}]"
169263196,444603747,85.28916904,114,8.736797138,Movie 1656,"[{'id': 16, 'name': 'Animation'}]"
60047560,177426383,9.342172249,177,7.189635561,Movie 1657,"[{'id': 16, 'name': 'Animation'}]"
191596290,396601150,36.25321543,133,4.246623777,Movie 1658,"[{'id': 53, 'name': 'Thriller'}]"
78960088,88338586,68.35805696,141,3.121681889,Movie 1659,"[{'id': 10749, 'name': 'Romance'}]"
171482401,155540989,28.13791602,148,5.876494792,Movie 1660,"[{'id': 16, 'name': 'Animation'}]"
153137897,148128159,82.93984428,161,6.082223194,Movie 1661,[]
72087566,39611335,74.24691483,95,4.441575507,Movie 1662,"[{'id': 16, 'name': 'Animation'}]"
130888295,193283435,79.11326161,87,3.748184683,Movie 1663,"[{'id': 16, 'name': 'Animation'}]"
106169850,103894545,12.79154705,168,6.517248997,Movie 1664,"[{'id': 10749, 'name': 'Romance'}]"
135823137,207692408,14.91416567,175,7.585534044,Movie 1665,"[{'id': 16, 'name': 'Animation'}]"
144680471,410528822,29.36090004,169,8.958924622,Movie 1666,"[{'id': 878, 'name': 'Science Fiction'}]"
12377787,19511731,52.28963935,165,7.549815703,Movie 1667,"[{'id': 10749, 'name': 'Romance'}]"
22827621,61519553,75.05359159,110,7.761794486,Movie 1668,"[{'id': 35, 'name': 'Comedy'}]"
42892167,86374612,83.81655819,89,6.698765269,Movie 1669,"[{'id': 10749, 'name': 'Romance'}]"
36280122,40554968,70.72919628,135,8.915535954,Movie 1670,"[{'id': 878, 'name': 'Science Fiction'}]"
155275716,215776864,92.93109127,155,6.839738311,Movie 1671,"[{'id': 53, 'name': 'Thriller'}]"
141026769,100100636,74.13560745,171,8.161519718,Movie 1672,"[{'id': 878, 'name': 'Science Fiction'}]"
80655365,107566550,31.32052081,149,8.674707877,Movie 1673,"[{'id': 10749, 'name': 'Romance'}]"
106750564,234194977,27.24304715,99,8.579151003,Movie 1674,"[{'id': 10749, 'name': 'Romance'}]"
141373307,96173112,69.92305258,84,5.288492063,Movie 1675,"[{'id': 28, 'name': 'Action'}]"
84665691,85808975,20.0941863,102,3.47197235,Movie 1676,[]
59544068,86553412,10.17876627,88,4.031242215,Movie 1677,[]
167244944,494229521,53.69006461,137,3.355339832,Movie 1678,[]
34957164,86069940,82.34251541,138,3.632381609,Movie 1679,"[{'id': 878, 'name': 'Science Fiction'}]"
186055455,434200753,11.0366044,172,4.107907475,Movie 1680,"[{'id': 16, 'name': 'Animation'}]"
70058877,55379958,79.39724106,159,5.0465659,Movie 1681,"[{'id': 12, 'name': 'Adventure'}]"
129452956,317482045,81.34562843,133,6.261237879,Movie 1682,"[{'id': 28, 'name': 'Action'}]"
136350386,335854456,48.74512601,125,7.270092356,Movie 1683,"[{'id': 27, 'name': 'Horror'}]"
53316857,106780694,6.673720691,101,4.265564017,Movie 1684,"[{'id': 28, 'name': 'Action'}]"
38877058,115694410,18.28439527,143,7.035134425,Movie 1685,"[{'id': 878, 'name': 'Science Fiction'}]"
152651895,200452510,71.03520124,87,7.225554447,Movie 1686,"[{'id': 27, 'name': 'Horror'}]"
160394855,457635572,71.46601655,99,6.351734021,Movie 1687,"[{'id': 53, 'name': 'Thriller'}]"
189028967,526791177,89.93717224,130,8.421707219,Movie 1688,"[{'id': 18, 'name': 'Drama'}]"
14881178,7867703,58.68592851,157,3.665968884,Movie 1689,"[{'id': 16, 'name': 'Animation'}]"
74135852,120492356,13.2866294,118,4.062728746,Movie 1690,"[{'id': 10749, 'name': 'Romance'}]"
16590661,48822343,13.02007564,116,5.571988946,Movie 1691,"[{'id': 10749, 'name': 'Romance'}]"
92312343,69954607,72.39210338,129,3.760276411,Movie 1692,"[{'id': 878, 'name': 'Science Fiction'}]"
144674535,270463507,19.19468185,113,6.397776862,Movie 1693,"[{'id': 53, 'name': 'Thriller'}]"
164559776,485022458,33.51016446,154,5.3904028,Movie 1694,"[{'id': 16, 'name': 'Animation'}]"
139902074,264238441,49.23398869,112,4.707574767,Movie 1695,"[{'id': 16, 'name': 'Animation'}]"
153042287,149145563,3.45172288,110,4.019938878,Movie 1696,"[{'id': 27, 'name': 'Horror'}]"
90605800,177175843,25.63308367,133,5.01202943,Movie 1697,"[{'id': 12, 'name': 'Adventure'}]"
93379916,94416567,41.38107124,123,6.647756105,Movie 1698,"[{'id': 27, 'name': 'Horror'}]"
106283946,191232522,28.68399553,113,6.454711265,Movie 1699,[]
43827096,30026186,14.50066242,150,3.981744001,Movie 1700,"[{'id': 53, 'name': 'Thriller'}]"
187118499,376801770,73.07321352,141,3.749518864,Movie 1701,"[{'id': 10749, 'name': 'Romance'}]"
50352346,90230137,81.50161786,102,3.160060576,Movie 1702,"[{'id': 10749, 'name': 'Romance'}]"
12667877,29774621,26.49041864,125,3.074553563,Movie 1703,"[{'id': 878, 'name': 'Science Fiction'}]"
8393979,17432205,77.66752997,135,8.278862614,Movie 1704,"[{'id': 27, 'name': 'Horror'}]"
145332806,272355956,39.16980288,86,3.270533136,Movie 1705,"[{'id': 10749, 'name': 'Romance'}]"
29506244,65635079,51.16189329,168,7.387326659,Movie 1706,"[{'id': 28, 'name': 'Action'}]"
26214698,22540833,85.74410641,140,8.231910577,Movie 1707,"[{'id': 28, 'name': 'Action'}]"
103285868,205373532,75.2454145,82,3.588347091,Movie 1708,"[{'id': 18, 'name': 'Drama'}]"
121130296,112684668,80.70656828,117,5.617808543,Movie 1709,[]
126616114,356273120,14.54767149,163,8.773817899,Movie 1710,"[{'id': 53, 'name': 'Thriller'}]"
18486878,12401649,7.902223158,113,8.004831963,Movie 1711,"[{'id': 12, 'name': 'Adventure'}]"
58195030,91711693,89.44706818,123,5.938224191,Movie 1712,"[{'id': 35, 'name': 'Comedy'}]"
23098345,51728597,39.39559269,109,7.575426677,Movie 1713,"[{'id': 12, 'name': 'Adventure'}]"
17620937,28987419,29.50008813,96,8.000265747,Movie 1714,"[{'id': 35, 'name': 'Comedy'}]"
32984287,24086384,72.74492917,138,5.088161779,Movie 1715,[]
98147242,184855181,83.80514406,89,8.352917501,Movie 1716,"[{'id': 12, 'name': 'Adventure'}]"
177631220,373750256,86.38647257,178,5.822839918,Movie 1717,"[{'id': 12, 'name': 'Adventure'}]"
145746022,329310335,32.28371697,163,6.166844181,Movie 1718,"[{'id': 10749, 'name': 'Romance'}]"
154587614,221547167,85.36902673,97,8.998245827,Movie 1719,"[{'id': 16, 'name': 'Animation'}]"
5810833,11093751,5.052460493,124,8.059817797,Movie 1720,"[{'id': 35, 'name': 'Comedy'}]"
24480675,39823110,5.916487655,170,5.170620035,Movie 1721,"[{'id': 12, 'name': 'Adventure'}]"
85328141,186027301,62.72840032,138,3.062073579,Movie 1722,"[{'id': 28, 'name': 'Action'}]"
29500556,57788415,7.247530542,141,6.757044443,Movie 1723,"[{'id': 35, 'name': 'Comedy'}]"
33073692,60008594,33.13630768,138,7.223480557,Movie 1724,"[{'id': 12, 'name': 'Adventure'}]"
38316107,43060059,67.60284264,128,6.904816141,Movie 1725,"[{'id': 27, 'name': 'Horror'}]"
28427110,14357006,34.38942271,179,8.807174107,Movie 1726,"[{'id': 28, 'name': 'Action'}]"
25192961,23560562,18.78037836,142,8.177826164,Movie 1727,"[{'id': 35, 'name': 'Comedy'}]"
160077599,126887926,28.85371156,166,5.692990159,Movie 1728,"[{'id': 10749, 'name': 'Romance'}]"
93763660,152151403,46.29995789,111,3.377144925,Movie 1729,"[{'id': 27, 'name': 'Horror'}]"
60844250,123553094,48.06319968,89,5.856352617,Movie 1730,"[{'id': 878, 'name': 'Science Fiction'}]"
188630704,194801290,78.5170229,90,7.13546412,Movie 1731,"[{'id': 10749, 'name': 'Romance'}]"
30263888,86180740,75.26516971,149,6.646258849,Movie 1732,"[{'id': 878, 'name': 'Science Fiction'}]"
43106078,22273139,46.22496265,141,6.228822406,Movie 1733,"[{'id': 28, 'name': 'Action'}]"
8281505,20130289,84.72106756,126,5.812913748,Movie 1734,"[{'id': 18, 'name': 'Drama'}]"
39679227,81858718,12.30947672,113,4.762571238,Movie 1735,"[{'id': 35, 'name': 'Comedy'}]"
39965695,57306290,26.27998167,179,4.66408057,Movie 1736,"[{'id': 53, 'name': 'Thriller'}]"
172735895,108171080,82.96966989,96,6.001388874,Movie 1737,"[{'id': 35, 'name': 'Comedy'}]"
27540396,56973269,38.42140982,133,3.963618879,Movie 1738,"[{'id': 10749, 'name': 'Romance'}]"
129184994,189131195,98.13697432,155,5.044112541,Movie 1739,"[{'id': 878, 'name': 'Science Fiction'}]"
15812143,44917046,47.15907487,164,4.943875648,Movie 1740,"[{'id': 18, 'name': 'Drama'}]"
192042885,356234786,79.40162667,119,6.52279681,Movie 1741,"[{'id': 12, 'name': 'Adventure'}]"
144206866,410863931,40.8283971,98,3.400093802,Movie 1742,"[{'id': 878, 'name': 'Science Fiction'}]"
48364509,50841218,43.07039839,146,7.978012082,Movie 1743,"[{'id': 28, 'name': 'Action'}]"
80146438,185484085,38.90543158,161,6.374270282,Movie 1744,"[{'id': 16, 'name': 'Animation'}]"
178238601,364163305,72.18848643,132,7.024960085,Movie 1745,[]
110487327,259481760,55.20427052,143,7.218563423,Movie 1746,"[{'id': 16, 'name': 'Animation'}]"
119633441,124020358,94.43403303,162,4.748904821,Movie 1747,"[{'id': 10749, 'name': 'Romance'}]"
127152510,274965559,25.83814134,126,5.822229404,Movie 1748,"[{'id': 18, 'name': 'Drama'}]"
74663899,130296043,10.95571048,85,8.737475735,Movie 1749,"[{'id': 878, 'name': 'Science Fiction'}]"
33735803,79517394,39.93288702,95,7.600231428,Movie 1750,[]
16886372,22249679,62.05455806,151,8.817341251,Movie 1751,[]
172840476,471014937,86.21909475,97,7.477526071,Movie 1752,[]
167674709,119175350,35.27349178,131,4.053600838,Movie 1753,"[{'id': 18, 'name': 'Drama'}]"
2656671,6689426,65.72488836,127,3.387215303,Movie 1754,"[{'id': 10749, 'name': 'Romance'}]"
90567715,240303233,35.66966942,122,6.46596862,Movie 1755,[]
23922481,60837997,62.10473872,118,5.146879678,Movie 1756,"[{'id': 53, 'name': 'Thriller'}]"
43081603,76763488,88.59598676,128,4.652747461,Movie 1757,[]
178715391,285223053,23.90440658,91,7.843265979,Movie 1758,"[{'id': 12, 'name': 'Adventure'}]"
89785936,268518822,41.01992257,89,5.201959602,Movie 1759,"[{'id': 878, 'name': 'Science Fiction'}]"
91126859,97772729,99.33325445,150,4.902005818,Movie 1760,"[{'id': 35, 'name': 'Comedy'}]"
21833173,40766680,86.9871458,134,8.099925559,Movie 1761,"[{'id': 16, 'name': 'Animation'}]"
91503568,199174792,56.89934593,80,8.077724019,Movie 1762,"[{'id': 878, 'name': 'Science Fiction'}]"
85483977,192524370,52.14613159,128,5.138199827,Movie 1763,"[{'id': 16, 'name': 'Animation'}]"
155936181,157505158,29.17543785,115,7.994992206,Movie 1764,"[{'id': 28, 'name': 'Action'}]"
144379136,308247323,52.20373334,100,8.104670942,Movie 1765,"[{'id': 16, 'name': 'Animation'}]"
53374647,135887790,84.96996833,116,5.54358321,Movie 1766,"[{'id': 18, 'name': 'Drama'}]"
197460538,123422006,68.83227681,103,3.398838781,Movie 1767,[]
172432145,479155002,29.71435879,134,3.009507867,Movie 1768,"[{'id': 53, 'name': 'Thriller'}]"
155571455,89260699,20.94492818,104,6.139754777,Movie 1769,"[{'id': 878, 'name': 'Science Fiction'}]"
135766876,188706125,27.25564516,86,5.06445296,Movie 1770,"[{'id': 16, 'name': 'Animation'}]"
37328139,20139762,17.80616094,160,8.982791365,Movie 1771,"[{'id': 878, 'name': 'Science Fiction'}]"
97953082,67868058,10.46842891,172,7.634465998,Movie 1772,[]
22845218,63462204,42.49448127,173,7.567652738,Movie 1773,"[{'id': 10749, 'name': 'Romance'}]"
137991667,191415427,12.21666084,150,8.73145661,Movie 1774,"[{'id': 10749, 'name': 'Romance'}]"
36490172,56995051,18.01934321,176,8.326346387,Movie 1775,[]
37989387,39446696,55.18514375,150,4.909124877,Movie 1776,"[{'id': 10749, 'name': 'Romance'}]"
106600006,212426034,17.2953281,103,3.99592333,Movie 1777,"[{'id': 10749, 'name': 'Romance'}]"
14426716,28666000,7.324096976,90,7.47535359,Movie 1778,"[{'id': 878, 'name': 'Science Fiction'}]"
96019914,137356581,32.42149615,152,5.269643362,Movie 1779,"[{'id': 35, 'name': 'Comedy'}]"
39710304,52917442,22.81159076,91,5.83903591,Movie 1780,"[{'id': 18, 'name': 'Drama'}]"
48718021,132143284,52.01521361,114,6.782386388,Movie 1781,"[{'id': 27, 'name': 'Horror'}]"
27996639,40824995,11.13434137,142,8.447236062,Movie 1782,"[{'id': 53, 'name': 'Thriller'}]"
88649202,153695773,75.42530798,147,5.514526522,Movie 1783,"[{'id': 27, 'name': 'Horror'}]"
11774986,14227267,90.71711842,179,7.699901341,Movie 1784,"[{'id': 12, 'name': 'Adventure'}]"
5421590,13374649,74.60008222,171,4.610038748,Movie 1785,"[{'id': 27, 'name': 'Horror'}]"
37089369,55397437,53.7498767,136,7.187830746,Movie 1786,"[{'id': 53, 'name': 'Thriller'}]"
146763809,261830688,86.20611436,92,3.009476526,Movie 1787,"[{'id': 18, 'name': 'Drama'}]"
102475757,116145297,69.7969196,102,8.229043281,Movie 1788,"[{'id': 28, 'name': 'Action'}]"
134313249,398796046,2.044561123,162,3.18227748,Movie 1789,[]
30221379,37134197,40.01492512,118,7.276522529,Movie 1790,"[{'id': 35, 'name': 'Comedy'}]"
171482786,416164084,85.24423804,167,3.277549136,Movie 1791,"[{'id': 27, 'name': 'Horror'}]"
60644300,95135086,35.24002694,159,4.597474196,Movie 1792,"[{'id': 27, 'name': 'Horror'}]"
180142120,182942161,4.486302179,176,5.983214421,Movie 1793,"[{'id': 28, 'name': 'Action'}]"
166888038,417102757,74.87178422,91,5.519632112,Movie 1794,"[{'id': 16, 'name': 'Animation'}]"
117067598,156170162,80.40178876,113,4.151016688,Movie 1795,"[{'id': 35, 'name': 'Comedy'}]"
193455542,515168890,16.89877581,150,5.00288947,Movie 1796,"[{'id': 18, 'name': 'Drama'}]"
58641756,163501599,54.19670919,154,7.36623822,Movie 1797,"[{'id': 28, 'name': 'Action'}]"
27552476,73001926,20.00358846,110,7.015542555,Movie 1798,"[{'id': 16, 'name': 'Animation'}]"
143891891,84539333,72.20420749,172,3.430887503,Movie 1799,"[{'id': 27, 'name': 'Horror'}]"
118884703,293458967,27.88349506,141,7.483894953,Movie 1800,"[{'id': 18, 'name': 'Drama'}]"
86388417,132031621,32.30529713,92,3.318275287,Movie 1801,"[{'id': 12, 'name': 'Adventure'}]"
99023086,265808392,84.65211451,110,6.257558335,Movie 1802,"[{'id': 12, 'name': 'Adventure'}]"
183766675,384970171,48.15591287,81,4.560376488,Movie 1803,"[{'id': 12, 'name': 'Adventure'}]"
127749717,330119044,67.30569067,94,6.526140765,Movie 1804,"[{'id': 878, 'name': 'Science Fiction'}]"
28209162,49325960,40.83493202,136,4.567970376,Movie 1805,"[{'id': 18, 'name': 'Drama'}]"
100898906,185408173,30.50267886,154,8.909747818,Movie 1806,"[{'id': 878, 'name': 'Science Fiction'}]"
58396048,50277191,62.92232798,113,4.858369102,Movie 1807,"[{'id': 18, 'name': 'Drama'}]"
111538109,274380223,16.33089983,147,4.451763814,Movie 1808,"[{'id': 12, 'name': 'Adventure'}]"
112917803,174850285,37.92698372,154,4.670791745,Movie 1809,"[{'id': 35, 'name': 'Comedy'}]"
135442423,237051368,21.6946667,108,8.378837144,Movie 1810,"[{'id': 10749, 'name': 'Romance'}]"
188991004,465436515,69.88370173,145,6.817312972,Movie 1811,"[{'id': 27, 'name': 'Horror'}]"
27267668,54456627,94.476675,95,7.384104585,Movie 1812,"[{'id': 35, 'name': 'Comedy'}]"
149281646,149691695,99.55558583,118,8.508063061,Movie 1813,"[{'id': 878, 'name': 'Science Fiction'}]"
193102351,381489460,45.57740423,156,8.471234909,Movie 1814,"[{'id': 35, 'name': 'Comedy'}]"
193672612,294204606,26.00050857,116,7.433675079,Movie 1815,"[{'id': 10749, 'name': 'Romance'}]"
59093498,98911515,44.84010767,160,4.186946573,Movie 1816,"[{'id': 18, 'name': 'Drama'}]"
117052051,66810757,84.87967159,100,8.060239924,Movie 1817,"[{'id': 35, 'name': 'Comedy'}]"
98042181,100500429,21.39456218,123,4.222656205,Movie 1818,"[{'id': 18, 'name': 'Drama'}]"
44353746,53339602,95.25746951,98,7.457392885,Movie 1819,"[{'id': 35, 'name': 'Comedy'}]"
105003512,239660017,34.84471111,150,7.113618399,Movie 1820,"[{'id': 53, 'name': 'Thriller'}]"
21610500,11426145,98.59456229,87,7.553333101,Movie 1821,"[{'id': 12, 'name': 'Adventure'}]"
148463424,225952891,84.02227987,156,6.196114084,Movie 1822,"[{'id': 18, 'name': 'Drama'}]"
36402297,102292899,81.04848288,145,6.832357093,Movie 1823,"[{'id': 53, 'name': 'Thriller'}]"
83030459,64738976,32.4725627,120,8.719920483,Movie 1824,"[{'id': 878, 'name': 'Science Fiction'}]"
159581669,285820498,1.868943983,154,3.606531565,Movie 1825,"[{'id': 53, 'name': 'Thriller'}]"
183341134,452175330,38.83115797,167,4.853083649,Movie 1826,"[{'id': 28, 'name': 'Action'}]"
110971388,316970712,30.8791276,149,6.668142079,Movie 1827,"[{'id': 10749, 'name': 'Romance'}]"
56229602,133092184,4.70230205,140,8.784324781,Movie 1828,"[{'id': 878, 'name': 'Science Fiction'}]"
134719871,310046179,51.03116039,105,3.573446686,Movie 1829,"[{'id': 27, 'name': 'Horror'}]"
115533144,296483490,40.90009982,150,3.135295329,Movie 1830,"[{'id': 27, 'name': 'Horror'}]"
118785367,191898122,63.82109031,162,3.334497591,Movie 1831,"[{'id': 35, 'name': 'Comedy'}]"
2074961,5217720,62.4974459,149,3.314434119,Movie 1832,"[{'id': 53, 'name': 'Thriller'}]"
147168299,76514419,12.95391695,108,8.446895147,Movie 1833,"[{'id': 10749, 'name': 'Romance'}]"
154372879,434004319,97.71958907,145,7.327547448,Movie 1834,"[{'id': 18, 'name': 'Drama'}]"
186683482,300236747,19.50621151,98,7.062638197,Movie 1835,"[{'id': 18, 'name': 'Drama'}]"
132827271,250173585,45.08212845,147,6.135436922,Movie 1836,"[{'id': 16, 'name': 'Animation'}]"
148084347,168402351,49.3236368,137,7.691715702,Movie 1837,"[{'id': 35, 'name': 'Comedy'}]"
70583832,166318594,81.49321692,149,3.933887957,Movie 1838,"[{'id': 878, 'name': 'Science Fiction'}]"
124113052,85835285,10.82373001,136,5.351647139,Movie 1839,[]
115232628,309006606,43.43578364,116,5.940025505,Movie 1840,"[{'id': 53, 'name': 'Thriller'}]"
124085319,318935511,63.22171485,140,3.662456986,Movie 1841,"[{'id': 18, 'name': 'Drama'}]"
90858638,94506638,22.30040654,171,5.517082256,Movie 1842,"[{'id': 878, 'name': 'Science Fiction'}]"
70551130,178022442,63.11932198,109,4.899010676,Movie 1843,"[{'id': 53, 'name': 'Thriller'}]"
139655405,344375471,92.44281892,150,3.213492875,Movie 1844,"[{'id': 28, 'name': 'Action'}]"
131371121,273323068,99.75429499,152,3.820412416,Movie 1845,"[{'id': 16, 'name': 'Animation'}]"
48347699,69320952,4.212656602,104,7.584220939,Movie 1846,"[{'id': 28, 'name': 'Action'}]"
77716230,91607764,24.3232346,176,3.108227457,Movie 1847,[]
6241218,6737138,31.72040446,144,8.605519795,Movie 1848,[]
27821567,36071285,40.51348394,85,3.518547795,Movie 1849,[]
190700011,526121518,24.9834586,97,7.795428565,Movie 1850,"[{'id': 53, 'name': 'Thriller'}]"
140698868,97659357,21.14531146,89,8.391699246,Movie 1851,"[{'id': 27, 'name': 'Horror'}]"
159209559,409515355,95.5008304,171,8.646813509,Movie 1852,"[{'id': 35, 'name': 'Comedy'}]"
197915003,271583952,91.93363867,90,8.204862141,Movie 1853,"[{'id': 18, 'name': 'Drama'}]"
129897401,234334715,5.652257599,176,4.725300237,Movie 1854,"[{'id': 53, 'name': 'Thriller'}]"
106644558,265141202,34.54248914,144,4.998522788,Movie 1855,"[{'id': 10749, 'name': 'Romance'}]"
190074584,515281052,41.10970681,156,5.559274192,Movie 1856,"[{'id': 16, 'name': 'Animation'}]"
6290717,8567664,24.66243893,163,3.835780136,Movie 1857,"[{'id': 16, 'name': 'Animation'}]"
154876934,256260722,63.2584168,144,3.13363473,Movie 1858,"[{'id': 18, 'name': 'Drama'}]"
1797968,2762200,64.39769392,131,8.214729686,Movie 1859,"[{'id': 18, 'name': 'Drama'}]"
193442237,103129392,85.1999186,146,6.324772297,Movie 1860,"[{'id': 12, 'name': 'Adventure'}]"
56940773,70598428,74.34605757,161,6.652337653,Movie 1861,"[{'id': 28, 'name': 'Action'}]"
164381167,270895738,54.71475937,157,8.561930849,Movie 1862,"[{'id': 10749, 'name': 'Romance'}]"
154869243,236599011,65.70509023,110,6.990721069,Movie 1863,"[{'id': 16, 'name': 'Animation'}]"
8339838,19221851,28.12488937,170,7.145121026,Movie 1864,"[{'id': 878, 'name': 'Science Fiction'}]"
114900245,167985197,59.71256281,96,7.721811891,Movie 1865,"[{'id': 878, 'name': 'Science Fiction'}]"
84629045,145853176,49.43349822,134,3.698090699,Movie 1866,"[{'id': 18, 'name': 'Drama'}]"
58661940,92335153,14.20110226,172,5.160972919,Movie 1867,"[{'id': 16, 'name': 'Animation'}]"
82576052,194182984,25.01188338,115,8.809247566,Movie 1868,"[{'id': 35, 'name': 'Comedy'}]"
120245185,319543281,29.87765162,105,8.537580469,Movie 1869,[]
77107468,141085284,92.50664714,132,8.304451778,Movie 1870,"[{'id': 878, 'name': 'Science Fiction'}]"
106573072,263617071,23.8082773,96,5.712531062,Movie 1871,"[{'id': 12, 'name': 'Adventure'}]"
50909831,63228315,29.63514638,165,8.143157722,Movie 1872,"[{'id': 878, 'name': 'Science Fiction'}]"
117387604,217569005,37.56605888,104,3.290375292,Movie 1873,"[{'id': 10749, 'name': 'Romance'}]"
43721553,59595750,66.71053112,81,3.891104546,Movie 1874,"[{'id': 53, 'name': 'Thriller'}]"
76134271,116904349,12.70560085,165,5.483806191,Movie 1875,"[{'id': 35, 'name': 'Comedy'}]"
89240465,208022617,95.44057604,84,5.9003524,Movie 1876,[]
183273389,495599872,86.69155079,83,4.581042921,Movie 1877,"[{'id': 12, 'name': 'Adventure'}]"
160772142,129218756,58.14439123,115,5.138860025,Movie 1878,"[{'id': 27, 'name': 'Horror'}]"
162149534,338340916,67.72974888,85,3.976656606,Movie 1879,"[{'id': 10749, 'name': 'Romance'}]"
148693733,290749706,2.649386653,100,5.93480419,Movie 1880,"[{'id': 10749, 'name': 'Romance'}]"
179939423,143238546,34.55553276,156,7.763059757,Movie 1881,"[{'id': 53, 'name': 'Thriller'}]"
138369610,142484144,79.77036284,168,6.968162362,Movie 1882,"[{'id': 18, 'name': 'Drama'}]"
33134444,42329458,8.670814405,105,3.646753484,Movie 1883,"[{'id': 27, 'name': 'Horror'}]"
31319320,28730079,28.94906959,134,5.92548962,Movie 1884,"[{'id': 18, 'name': 'Drama'}]"
66062907,73285148,58.94438601,118,7.185878297,Movie 1885,"[{'id': 12, 'name': 'Adventure'}]"
129208997,151045575,26.38488974,163,6.179371779,Movie 1886,"[{'id': 10749, 'name': 'Romance'}]"
141955048,190104011,93.46381944,112,5.350053579,Movie 1887,"[{'id': 35, 'name': 'Comedy'}]"
171161543,406247837,13.97480445,93,6.731486528,Movie 1888,"[{'id': 12, 'name': 'Adventure'}]"
158991690,306819064,79.94204143,135,8.811831992,Movie 1889,"[{'id': 18, 'name': 'Drama'}]"
185713429,550754842,51.2869205,179,3.569447459,Movie 1890,"[{'id': 27, 'name': 'Horror'}]"
183236247,281604714,75.28274681,160,5.340096364,Movie 1891,"[{'id': 53, 'name': 'Thriller'}]"
90859624,216669554,31.7608175,100,5.439635118,Movie 1892,"[{'id': 53, 'name': 'Thriller'}]"
174054539,466234855,51.93447063,125,6.461803863,Movie 1893,"[{'id': 53, 'name': 'Thriller'}]"
37097069,81518814,85.82669962,95,3.913047611,Movie 1894,"[{'id': 27, 'name': 'Horror'}]"
76142815,116472759,47.22093181,95,4.059858179,Movie 1895,"[{'id': 35, 'name': 'Comedy'}]"
79888398,190452868,36.61226633,163,4.712168316,Movie 1896,"[{'id': 35, 'name': 'Comedy'}]"
193656693,195432107,54.07938324,108,8.73522026,Movie 1897,"[{'id': 53, 'name': 'Thriller'}]"
99138203,130751434,72.01891255,171,7.404651487,Movie 1898,"[{'id': 27, 'name': 'Horror'}]"
65274067,121847958,44.9127712,87,6.97015981,Movie 1899,"[{'id': 12, 'name': 'Adventure'}]"
144952544,280993908,93.94882054,167,7.901746124,Movie 1900,"[{'id': 27, 'name': 'Horror'}]"
111830503,62105482,30.19963658,82,3.765458814,Movie 1901,"[{'id': 878, 'name': 'Science Fiction'}]"
42965471,123000926,48.07089701,168,8.155996918,Movie 1902,"[{'id': 28, 'name': 'Action'}]"
17052465,38224262,75.93583827,98,6.568996283,Movie 1903,"[{'id': 35, 'name': 'Comedy'}]"
60963387,106031142,69.22298796,176,5.011974045,Movie 1904,"[{'id': 18, 'name': 'Drama'}]"
43590048,123482676,86.50046419,145,7.895131534,Movie 1905,"[{'id': 10749, 'name': 'Romance'}]"
77070913,123139196,99.68410889,158,7.815387206,Movie 1906,"[{'id': 53, 'name': 'Thriller'}]"
148069152,436965234,43.25897455,165,8.07425149,Movie 1907,"[{'id': 35, 'name': 'Comedy'}]"
109948256,195786167,12.0039371,153,3.693107401,Movie 1908,"[{'id': 27, 'name': 'Horror'}]"
33356072,26208346,4.0111722,161,8.81616747,Movie 1909,"[{'id': 28, 'name': 'Action'}]"
164753932,397386884,72.96081371,101,8.757756923,Movie 1910,"[{'id': 35, 'name': 'Comedy'}]"
86936029,191019695,87.52735346,125,5.144817873,Movie 1911,"[{'id': 16, 'name': 'Animation'}]"
143606240,349317411,22.85054601,170,3.395364109,Movie 1912,"[{'id': 878, 'name': 'Science Fiction'}]"
52599948,151414477,16.68635568,92,4.002334017,Movie 1913,"[{'id': 35, 'name': 'Comedy'}]"
70056627,171023867,7.158304061,112,8.956984953,Movie 1914,"[{'id': 27, 'name': 'Horror'}]"
195567833,396678352,82.44758925,84,6.378077659,Movie 1915,"[{'id': 16, 'name': 'Animation'}]"
95159765,251533166,31.82681205,169,5.139730793,Movie 1916,"[{'id': 35, 'name': 'Comedy'}]"
42208934,92147003,40.76799238,156,4.729216163,Movie 1917,"[{'id': 28, 'name': 'Action'}]"
34138881,51901260,50.77226897,106,4.541950412,Movie 1918,"[{'id': 16, 'name': 'Animation'}]"
172654309,468592325,84.10587019,157,6.98491659,Movie 1919,[]
22650278,23890406,65.43248893,103,5.516326989,Movie 1920,"[{'id': 12, 'name': 'Adventure'}]"
58376857,133484707,61.89139836,146,8.792464196,Movie 1921,"[{'id': 12, 'name': 'Adventure'}]"
9439469,25523461,18.3915379,142,7.103058184,Movie 1922,"[{'id': 35, 'name': 'Comedy'}]"
25455289,59267327,51.80579928,173,7.752267546,Movie 1923,"[{'id': 10749, 'name': 'Romance'}]"
39400142,88381947,71.8227207,178,4.756449291,Movie 1924,"[{'id': 878, 'name': 'Science Fiction'}]"
55332385,131779372,97.35282742,127,3.475118455,Movie 1925,"[{'id': 35, 'name': 'Comedy'}]"
177881769,295753010,20.93922461,142,5.926937024,Movie 1926,"[{'id': 35, 'name': 'Comedy'}]"
183461302,492671879,1.944791954,157,4.887489279,Movie 1927,[]
195929067,197612330,8.454841926,91,4.21249899,Movie 1928,"[{'id': 18, 'name': 'Drama'}]"
181679984,148698897,38.20939405,107,8.715852785,Movie 1929,"[{'id': 878, 'name': 'Science Fiction'}]"
61344167,74457829,82.23392013,123,5.663929286,Movie 1930,"[{'id': 28, 'name': 'Action'}]"
50092554,91616450,1.707066095,172,4.048251552,Movie 1931,[]
82500098,146553544,46.2163287,122,4.191903916,Movie 1932,"[{'id': 18, 'name': 'Drama'}]"
92144826,235107237,33.59383092,96,4.684258455,Movie 1933,"[{'id': 27, 'name': 'Horror'}]"
136661445,206553065,6.1956893,119,8.995897609,Movie 1934,"[{'id': 28, 'name': 'Action'}]"
139627080,238882534,45.57339238,128,4.608069003,Movie 1935,"[{'id': 878, 'name': 'Science Fiction'}]"
178366431,95144080,26.22012203,164,4.972810827,Movie 1936,"[{'id': 10749, 'name': 'Romance'}]"
93601713,142681592,35.8365986,136,6.955968768,Movie 1937,"[{'id': 12, 'name': 'Adventure'}]"
43307399,91787242,70.85591517,166,4.763768258,Movie 1938,"[{'id': 10749, 'name': 'Romance'}]"
115190001,62061012,52.63354741,163,4.294825506,Movie 1939,[]
2308507,2775298,13.34009547,143,3.95182312,Movie 1940,"[{'id': 16, 'name': 'Animation'}]"
144549523,147424742,96.1800395,154,4.87609599,Movie 1941,"[{'id': 35, 'name': 'Comedy'}]"
116750205,70629621,63.95516581,136,3.635494138,Movie 1942,"[{'id': 10749, 'name': 'Romance'}]"
10986298,18656384,76.82097414,177,3.111879518,Movie 1943,"[{'id': 53, 'name': 'Thriller'}]"
76655174,73152663,8.842101851,153,7.827850184,Movie 1944,"[{'id': 878, 'name': 'Science Fiction'}]"
154846218,365081524,5.658779567,153,3.827369654,Movie 1945,"[{'id': 27, 'name': 'Horror'}]"
86111891,225597629,2.925356986,149,7.655861099,Movie 1946,"[{'id': 27, 'name': 'Horror'}]"
151220165,281868785,19.69060875,179,7.785254874,Movie 1947,"[{'id': 18, 'name': 'Drama'}]"
21606265,63830704,42.02643137,167,6.227517158,Movie 1948,"[{'id': 18, 'name': 'Drama'}]"
146309717,237928339,93.64678721,155,4.85809175,Movie 1949,"[{'id': 16, 'name': 'Animation'}]"
64644057,115287538,46.24890627,122,3.870196402,Movie 1950,[]
187418046,557202169,29.73525543,102,7.42083064,Movie 1951,"[{'id': 12, 'name': 'Adventure'}]"
80790594,87162636,56.6315901,106,6.608321916,Movie 1952,"[{'id': 28, 'name': 'Action'}]"
176037566,502827515,12.08152324,137,6.932720739,Movie 1953,"[{'id': 28, 'name': 'Action'}]"
114398568,69450671,61.34108321,116,3.052014539,Movie 1954,"[{'id': 27, 'name': 'Horror'}]"
168501499,272292899,57.27476348,85,8.565102094,Movie 1955,"[{'id': 12, 'name': 'Adventure'}]"
190363049,128496729,79.40731031,144,3.397741125,Movie 1956,"[{'id': 28, 'name': 'Action'}]"
5755469,13370454,98.68207355,85,5.200835311,Movie 1957,"[{'id': 16, 'name': 'Animation'}]"
83162634,168073541,25.8364737,129,5.416269898,Movie 1958,"[{'id': 16, 'name': 'Animation'}]"
161316369,365637368,51.45598863,101,3.008133147,Movie 1959,[]
133193291,191292337,90.97767523,167,5.982535856,Movie 1960,[]
109637707,156091733,78.73379856,104,7.516853967,Movie 1961,"[{'id': 10749, 'name': 'Romance'}]"
149368268,91607289,49.25322401,158,7.939611919,Movie 1962,"[{'id': 35, 'name': 'Comedy'}]"
180439128,248078963,94.59179331,169,8.27638196,Movie 1963,"[{'id': 27, 'name': 'Horror'}]"
137210553,387375715,6.666432658,151,5.92631321,Movie 1964,[]
71941842,104176560,93.16886335,130,6.783817143,Movie 1965,"[{'id': 18, 'name': 'Drama'}]"
165777526,427443966,6.000231846,167,3.47711828,Movie 1966,"[{'id': 28, 'name': 'Action'}]"
141370669,368385634,55.18316967,127,5.928229346,Movie 1967,"[{'id': 18, 'name': 'Drama'}]"
105779107,151592344,89.15365385,149,3.928894529,Movie 1968,"[{'id': 18, 'name': 'Drama'}]"
171503798,356723046,27.00937341,178,5.217858706,Movie 1969,"[{'id': 878, 'name': 'Science Fiction'}]"
145773814,107643612,47.7526014,144,4.975831877,Movie 1970,"[{'id': 10749, 'name': 'Romance'}]"
188525407,143127820,33.10855903,139,5.541243463,Movie 1971,"[{'id': 10749, 'name': 'Romance'}]"
158507371,98535181,95.26224779,125,6.429819708,Movie 1972,"[{'id': 878, 'name': 'Science Fiction'}]"
90597893,176895804,82.54091388,115,8.417259882,Movie 1973,"[{'id': 18, 'name': 'Drama'}]"
137158097,214676759,71.19114962,137,5.366907788,Movie 1974,"[{'id': 18, 'name': 'Drama'}]"
122388754,228876870,59.17507167,155,8.886787174,Movie 1975,"[{'id': 878, 'name': 'Science Fiction'}]"
176899285,318893329,82.23858714,117,7.554168288,Movie 1976,"[{'id': 35, 'name': 'Comedy'}]"
86103140,118435512,39.83443711,90,6.068886281,Movie 1977,"[{'id': 12, 'name': 'Adventure'}]"
183444343,402418835,45.30763366,91,6.864158623,Movie 1978,"[{'id': 12, 'name': 'Adventure'}]"
161172904,386211329,73.27017039,121,3.613345027,Movie 1979,"[{'id': 28, 'name': 'Action'}]"
109772994,58900966,36.41772157,118,8.067129188,Movie 1980,"[{'id': 18, 'name': 'Drama'}]"
82718171,84215845,7.326193263,150,6.49414473,Movie 1981,"[{'id': 16, 'name': 'Animation'}]"
52721929,120368891,8.35912628,90,8.916404881,Movie 1982,"[{'id': 878, 'name': 'Science Fiction'}]"
122381618,179478814,12.42091733,115,6.818572463,Movie 1983,"[{'id': 35, 'name': 'Comedy'}]"
142996476,308330412,87.09845101,131,8.0046695,Movie 1984,"[{'id': 10749, 'name': 'Romance'}]"
42654364,58325860,47.75041615,110,7.798576457,Movie 1985,[]
187400693,276769812,71.57535457,112,5.072766909,Movie 1986,"[{'id': 53, 'name': 'Thriller'}]"
132651518,118948242,39.89802422,92,4.557663751,Movie 1987,"[{'id': 28, 'name': 'Action'}]"
70055694,80254230,26.61238379,97,5.582961501,Movie 1988,"[{'id': 10749, 'name': 'Romance'}]"
33997728,68455424,35.37202459,120,5.803448066,Movie 1989,"[{'id': 28, 'name': 'Action'}]"
121054662,191618366,79.62405219,137,4.440508212,Movie 1990,"[{'id': 27, 'name': 'Horror'}]"
108902283,265259466,62.89639638,135,8.36758724,Movie 1991,"[{'id': 35, 'name': 'Comedy'}]"
100989204,265749291,93.82633822,103,6.255287174,Movie 1992,"[{'id': 10749, 'name': 'Romance'}]"
171377374,317753538,68.29077308,152,8.870666353,Movie 1993,"[{'id': 16, 'name': 'Animation'}]"
176695801,423304516,57.44798154,110,7.860106668,Movie 1994,"[{'id': 16, 'name': 'Animation'}]"
145934935,184937692,61.40940489,134,6.334229162,Movie 1995,"[{'id': 35, 'name': 'Comedy'}]"
17169764,26397276,94.29477251,89,8.682241669,Movie 1996,"[{'id': 35, 'name': 'Comedy'}]"
144602179,329974102,79.03189206,139,6.029248891,Movie 1997,"[{'id': 878, 'name': 'Science Fiction'}]"
77123517,113026826,3.380082499,81,8.322639075,Movie 1998,"[{'id': 35, 'name': 'Comedy'}]"
21808635,42990540,53.87982992,94,5.148868687,Movie 1999,"[{'id': 16, 'name': 'Animation'}]"
173267671,166931609,69.14550274,82,5.2718543,Movie 2000,"[{'id': 27, 'name': 'Horror'}]"
